City_ID,City,Country,Date,Lat,Lng,Max Temp,Humidity,Cloudiness,Wind Speed
0,Bowen,AU,2020-01-04 05:13:34,-20.01,148.25,86.0,51,100,14.99
1,Arys,KZ,2020-01-04 05:13:34,42.43,68.8,37.4,100,90,4.47
2,Hermanus,ZA,2020-01-04 05:13:34,-34.42,19.24,69.01,84,0,5.01
3,Constitucion,MX,2020-01-04 05:13:34,23.99,-104.67,41.0,61,0,3.85
4,Magistralnyy,RU,2020-01-04 05:13:35,56.17,107.45,23.76,87,100,6.15
5,Nhulunbuy,AU,2020-01-04 05:13:35,-12.18,136.78,93.2,46,96,10.29
6,Ushuaia,AR,2020-01-04 05:10:52,-54.81,-68.31,48.2,66,75,9.17
7,Vila Velha,BR,2020-01-04 05:13:35,-3.71,-38.6,86.0,78,40,5.82
8,Galesong,ID,2020-01-04 05:13:36,-5.32,119.37,86.0,79,20,10.29
9,Hithadhoo,MV,2020-01-04 05:11:28,-0.6,73.08,83.1,68,30,3.76
10,Nikolskoye,RU,2020-01-04 05:11:32,59.7,30.79,33.01,74,68,6.71
11,Avarua,CK,2020-01-04 05:11:51,-21.21,-159.78,78.8,78,16,13.87
12,Saint-Philippe,CA,2020-01-04 05:11:27,45.36,-73.48,39.2,93,90,3.87
13,Soyo,AO,2020-01-04 05:13:37,-6.13,12.37,77.88,89,100,3.85
14,Petropavlovsk-Kamchatskiy,RU,2020-01-04 05:11:32,53.05,158.65,14.0,85,40,4.47
15,Havoysund,NO,2020-01-04 05:13:37,71.0,24.66,33.8,82,75,9.17
16,Bosaso,SO,2020-01-04 05:13:37,11.28,49.18,77.0,78,40,8.68
17,Lucapa,AO,2020-01-04 05:13:38,-8.42,20.74,68.43,96,100,2.08
18,Ancud,CL,2020-01-04 05:11:16,-41.87,-73.83,48.2,70,0,11.41
19,Bethel,US,2020-01-04 05:11:31,60.79,-161.76,-9.4,76,1,10.29
20,Te Anau,NZ,2020-01-04 05:11:33,-45.41,167.72,55.06,60,93,4.27
21,Kahului,US,2020-01-04 05:07:10,20.89,-156.47,73.4,83,40,12.75
22,Aksehir,TR,2020-01-04 05:13:39,38.36,31.42,32.2,76,50,3.09
23,Eyl,SO,2020-01-04 05:13:39,7.98,49.82,78.53,76,97,19.39
24,Mar Del Plata,AR,2020-01-04 05:11:11,-46.43,-67.52,59.85,41,6,13.65
25,Sobolevo,RU,2020-01-04 05:13:39,54.43,31.9,32.23,93,93,13.62
26,Port Hedland,AU,2020-01-04 05:13:40,-20.31,118.58,93.2,49,90,14.99
27,Albany,US,2020-01-04 05:06:07,42.65,-73.75,42.01,86,90,1.34
28,Puerto Ayora,EC,2020-01-04 05:10:55,-0.74,-90.35,75.0,83,37,1.01
29,Georgetown,GY,2020-01-04 05:10:47,6.8,-58.16,73.4,94,100,4.7
30,Balikpapan,ID,2020-01-04 05:10:47,-1.24,116.86,90.09,55,41,4.18
31,Kapaa,US,2020-01-04 05:11:21,22.08,-159.32,78.8,73,20,20.8
32,Kloulklubed,PW,2020-01-04 05:12:05,7.04,134.26,84.2,70,90,11.41
33,Puerto Cabezas,NI,2020-01-04 05:13:41,14.04,-83.39,73.31,93,9,1.52
34,Lahan,NP,2020-01-04 05:13:41,26.71,86.48,69.67,55,32,5.55
35,Miri,NG,2020-01-04 05:13:42,10.31,9.75,49.15,43,0,4.03
36,Colac,AU,2020-01-04 05:13:42,-38.34,143.59,71.01,82,62,3.0
37,Bikin,RU,2020-01-04 05:13:42,46.82,134.25,0.14,90,29,3.47
38,Comodoro Rivadavia,AR,2020-01-04 05:09:49,-45.87,-67.48,66.2,25,13,12.75
39,Punta Arenas,CL,2020-01-04 05:10:48,-53.16,-70.91,48.2,61,98,9.17
40,Upernavik,GL,2020-01-04 05:11:52,72.79,-56.15,-18.78,98,100,16.93
41,Naryan-Mar,RU,2020-01-04 05:13:43,67.67,53.09,34.02,96,100,22.5
42,Lebu,ET,2020-01-04 05:10:53,8.96,38.73,57.2,62,20,6.93
43,Westport,US,2020-01-04 05:08:03,41.14,-73.36,48.0,93,90,3.31
44,Stromness,CA,2020-01-04 05:13:44,42.87,-79.55,41.0,93,90,6.93
45,Hobart,AU,2020-01-04 05:09:19,-42.88,147.33,69.8,26,75,21.92
46,Mayo,CA,2020-01-04 05:11:34,63.59,-135.9,-4.0,70,40,10.29
47,Carnarvon,ZA,2020-01-04 05:12:23,-30.97,22.13,76.46,44,0,8.97
48,Torbay,CA,2020-01-04 05:06:38,47.66,-52.73,30.99,86,20,19.46
49,Komsomolskiy,RU,2020-01-04 05:11:27,67.55,63.78,17.11,95,99,12.5
50,Misratah,LY,2020-01-04 05:13:45,32.38,15.09,59.92,68,89,18.34
51,Souillac,FR,2020-01-04 05:11:23,45.6,-0.6,48.2,93,90,8.05
52,Naze,NG,2020-01-04 05:12:24,5.43,7.07,71.04,28,88,8.43
53,Bathsheba,BB,2020-01-04 05:11:33,13.22,-59.52,77.0,78,20,5.82
54,Tasiilaq,GL,2020-01-04 05:10:48,65.61,-37.64,23.0,27,100,16.11
55,Hasaki,JP,2020-01-04 05:12:23,35.73,140.83,55.0,43,75,5.82
56,Port Alfred,ZA,2020-01-04 05:11:05,-33.59,26.89,70.0,98,96,11.21
57,Mala Vyska,UA,2020-01-04 05:13:46,48.64,31.63,28.47,85,55,6.26
58,Saskylakh,RU,2020-01-04 05:11:11,71.97,114.09,-18.53,97,94,6.89
59,Atuona,PF,2020-01-04 05:11:02,-9.8,-139.03,80.69,74,4,16.2
60,Castro,CL,2020-01-04 05:10:48,-42.48,-73.76,48.2,70,2,11.41
61,Sitka,US,2020-01-04 05:11:15,37.17,-99.65,36.0,65,6,8.19
62,Chandler,US,2020-01-04 05:10:45,33.31,-111.84,51.01,61,1,5.82
63,Chuy,UY,2020-01-04 05:11:58,-33.69,-53.46,64.47,83,0,7.47
64,Margate,AU,2020-01-04 05:11:26,-43.03,147.26,69.8,26,75,21.92
65,Butaritari,KI,2020-01-04 05:11:05,3.07,172.79,83.59,77,100,12.3
66,Pangnirtung,CA,2020-01-04 05:12:00,66.15,-65.72,4.6,97,100,3.42
67,Springfield,US,2020-01-04 05:13:48,42.1,-72.59,46.0,100,40,3.36
68,Mataura,NZ,2020-01-04 05:10:53,-46.19,168.86,54.0,67,65,14.0
69,Cape Town,ZA,2020-01-04 05:10:03,-33.93,18.42,69.01,93,19,9.17
70,Saldanha,PT,2020-01-04 05:12:12,41.42,-6.55,36.23,92,2,3.49
71,Chifeng,CN,2020-01-04 05:12:24,42.27,118.96,31.71,30,0,5.23
72,Bluff,AU,2020-01-04 05:10:52,-23.58,149.07,94.39,22,10,18.32
73,Aktanysh,RU,2020-01-04 05:13:50,55.72,54.06,32.58,89,100,16.02
74,Kavaratti,IN,2020-01-04 05:13:50,10.57,72.64,86.0,70,40,6.93
75,Vardo,US,2020-01-04 05:11:36,39.62,-77.74,48.99,100,90,5.88
76,Jamestown,AU,2020-01-04 05:11:39,-33.21,138.6,77.11,40,0,19.13
77,High Level,CA,2020-01-04 05:13:50,58.52,-117.13,8.6,84,90,9.17
78,Kanigiri,IN,2020-01-04 05:13:51,15.41,79.51,82.9,65,83,5.68
79,Shetpe,KZ,2020-01-04 05:13:51,44.14,52.16,30.18,57,0,6.82
80,Hami,CN,2020-01-04 05:13:51,42.84,93.51,23.83,48,0,1.83
81,Provideniya,RU,2020-01-04 05:11:14,64.42,-173.23,-14.24,75,9,8.9
82,Vaini,IN,2020-01-04 05:11:24,15.34,74.49,69.8,64,19,3.36
83,Aktau,KZ,2020-01-04 05:13:52,43.65,51.16,17.6,92,0,8.95
84,Tiznit,MA,2020-01-04 05:13:52,29.7,-9.73,48.94,34,5,3.06
85,Akcakoca,TR,2020-01-04 05:13:52,41.09,31.12,35.44,84,100,4.07
86,Lahij,YE,2020-01-04 05:13:53,13.06,44.88,79.54,62,30,14.29
87,Vieques,PR,2020-01-04 05:13:53,18.43,-65.83,78.8,74,40,13.22
88,Tiksi,RU,2020-01-04 05:11:31,71.64,128.87,-16.91,83,100,10.51
89,Kirando,TZ,2020-01-04 05:13:53,-7.37,30.62,76.77,72,100,6.89
90,Buala,SB,2020-01-04 05:13:53,-8.15,159.59,83.61,77,98,6.02
91,Gorontalo,ID,2020-01-04 05:11:17,0.54,123.06,81.93,83,100,5.7
92,Rikitea,PF,2020-01-04 05:10:51,-23.12,-134.97,78.39,79,97,12.28
93,Necochea,AR,2020-01-04 05:12:48,-38.55,-58.74,61.93,89,0,13.85
94,Arraial Do Cabo,BR,2020-01-04 05:12:35,-22.97,-42.02,75.7,83,68,16.02
95,Faanui,PF,2020-01-04 05:11:29,-16.48,-151.75,81.54,79,36,10.54
96,Chokurdakh,RU,2020-01-04 05:11:21,70.62,147.9,-20.25,99,38,3.33
97,Barrow,AR,2020-01-04 05:10:57,-38.31,-60.23,66.92,67,0,15.64
98,Chicama,PE,2020-01-04 05:10:56,-7.84,-79.15,69.8,83,87,8.05
99,Barrhead,CA,2020-01-04 05:13:55,54.12,-114.4,23.0,73,90,9.17
100,Jacqueville,CI,2020-01-04 05:13:55,5.21,-4.42,73.4,49,30,9.17
101,Mut,TR,2020-01-04 05:13:56,36.64,33.44,38.01,71,12,4.65
102,Ilulissat,GL,2020-01-04 05:10:55,69.22,-51.1,17.6,61,100,12.75
103,Broome,GB,2020-01-04 05:11:28,52.47,1.45,42.01,86,61,10.29
104,Port Elizabeth,US,2020-01-04 05:11:55,39.31,-74.98,50.0,100,90,3.96
105,Santa Maria,BR,2020-01-04 05:13:56,-16.02,-48.01,69.8,94,40,5.82
106,Tuktoyaktuk,CA,2020-01-04 05:11:09,69.44,-133.03,-20.2,68,40,16.11
107,Mackay,CA,2020-01-04 05:12:32,53.65,-115.58,19.4,100,90,11.41
108,Jining,CN,2020-01-04 05:13:57,35.41,116.58,51.19,38,86,1.05
109,Qaanaaq,GL,2020-01-04 05:11:11,77.48,-69.36,-41.37,97,100,1.48
110,Busselton,AU,2020-01-04 05:10:52,-33.64,115.35,79.0,15,13,18.43
111,Inyonga,TZ,2020-01-04 05:13:58,-6.72,32.06,70.3,84,95,4.45
112,Hamm,DE,2020-01-04 05:13:58,51.68,7.82,39.99,93,75,12.75
113,Grand Gaube,MU,2020-01-04 05:12:56,-20.01,57.66,78.01,100,75,5.82
114,Novyy Urgal,RU,2020-01-04 05:12:18,51.07,132.56,-16.74,91,3,1.34
115,Airai,TL,2020-01-04 05:11:33,-8.93,125.41,69.3,87,100,4.65
116,Thompson,CA,2020-01-04 05:09:30,55.74,-97.86,-2.2,84,20,5.82
117,Kirkwall,GB,2020-01-04 05:14:00,58.98,-2.96,41.0,86,100,16.11
118,Ugoofaaru,MV,2020-01-04 05:12:25,5.67,73.0,83.07,75,49,12.21
119,Waingapu,ID,2020-01-04 05:12:24,-9.65,120.26,83.37,79,93,32.19
120,Esperance,AU,2020-01-04 05:12:22,-33.86,121.89,71.6,37,40,17.22
121,Camacha,PT,2020-01-04 05:11:48,33.08,-16.33,62.6,67,20,8.05
122,Ribeira Grande,PT,2020-01-04 05:11:19,38.52,-28.7,60.39,90,79,15.43
123,Hilo,US,2020-01-04 05:07:04,19.71,-155.08,78.8,65,40,3.36
124,Pisco,PE,2020-01-04 05:11:22,-13.71,-76.2,71.6,88,90,10.29
125,Kysyl-Syr,RU,2020-01-04 05:14:02,63.9,122.77,-26.7,96,100,8.75
126,Pinega,RU,2020-01-04 05:14:03,64.7,43.39,27.9,84,100,9.15
127,Bredasdorp,ZA,2020-01-04 05:11:17,-34.53,20.04,69.01,77,4,5.41
128,Derzhavinsk,KZ,2020-01-04 05:14:03,51.1,66.31,18.43,96,95,8.34
129,Geraldton,CA,2020-01-04 05:12:55,49.72,-86.95,14.0,85,90,2.24
130,New Norfolk,AU,2020-01-04 05:11:12,-42.78,147.06,69.8,26,75,21.92
131,Guilin,CN,2020-01-04 05:14:04,25.28,110.29,53.6,76,90,4.47
132,Axim,GH,2020-01-04 05:14:04,4.87,-2.24,70.03,56,52,3.94
133,Taitung,TW,2020-01-04 05:14:04,22.76,121.15,77.0,65,40,10.29
134,Codrington,AU,2020-01-04 05:10:48,-28.95,153.24,98.6,38,0,14.99
135,Ahipara,NZ,2020-01-04 05:14:05,-35.17,173.16,69.01,62,73,1.01
136,Yumen,CN,2020-01-04 05:11:39,40.29,97.04,26.94,46,0,3.0
137,Sittingbourne,GB,2020-01-04 05:14:05,51.34,0.73,42.8,86,52,13.87
138,Sumbe,AO,2020-01-04 05:14:05,-11.2,13.84,75.25,93,100,2.98
139,Tura,RU,2020-01-04 05:11:56,64.27,100.22,-6.59,98,95,2.66
140,Kruisfontein,ZA,2020-01-04 05:14:06,-34.0,24.73,73.24,74,89,5.66
141,Cayenne,GF,2020-01-04 05:12:01,4.94,-52.33,78.8,83,90,3.36
142,Takoradi,GH,2020-01-04 05:14:06,4.89,-1.75,73.94,60,29,7.31
143,Duzce,TR,2020-01-04 05:14:06,40.84,31.16,35.44,84,100,4.07
144,Victoria,BN,2020-01-04 05:12:16,5.28,115.24,86.0,74,75,10.29
145,Conakry,GN,2020-01-04 05:14:07,9.52,-13.7,71.4,45,1,5.61
146,Murgab,TM,2020-01-04 05:14:07,37.5,61.97,37.4,86,75,4.7
147,Emerald,AU,2020-01-04 05:11:41,-23.53,148.16,95.0,23,0,11.41
148,Monduli,TZ,2020-01-04 05:14:07,-3.3,36.45,60.8,93,20,4.99
149,Usogorsk,RU,2020-01-04 05:14:08,63.43,48.71,33.31,97,100,14.52
150,Puerto Madryn,AR,2020-01-04 05:10:30,-42.77,-65.04,74.32,34,16,13.94
151,Ayan,IR,2020-01-04 05:12:41,38.23,44.7,28.4,92,75,2.26
152,Kavieng,PG,2020-01-04 05:11:35,-2.57,150.8,85.26,67,98,3.53
153,Dikson,RU,2020-01-04 05:11:24,73.51,80.55,-11.54,94,5,12.35
154,Flinders,AU,2020-01-04 05:14:09,-34.58,150.85,102.0,34,32,4.7
155,Sinnamary,GF,2020-01-04 05:14:09,5.38,-52.96,79.61,81,81,14.14
156,Smolenka,PL,2020-01-04 05:14:09,54.15,22.76,37.17,84,100,12.93
157,Hofn,IS,2020-01-04 05:11:47,64.25,-15.21,33.55,66,100,19.33
158,Bar Harbor,US,2020-01-04 05:11:56,44.39,-68.2,37.99,100,1,3.36
159,Honiara,SB,2020-01-04 05:12:45,-9.43,159.96,89.6,66,20,9.17
160,Vila Franca Do Campo,PT,2020-01-04 05:12:10,37.72,-25.43,62.6,88,75,9.17
161,Vao,EE,2020-01-04 05:11:59,59.1,26.19,34.57,78,40,13.0
162,Tripoli,GR,2020-01-04 05:14:10,37.51,22.37,45.0,40,0,6.93
163,El Jicaro,GT,2020-01-04 05:14:11,14.91,-89.89,63.54,86,31,2.1
164,Salalah,OM,2020-01-04 05:12:00,17.01,54.1,71.6,60,3,3.36
165,Dawlatabad,AF,2020-01-04 05:14:11,36.41,64.91,48.24,63,73,7.4
166,Morehead,US,2020-01-04 05:14:11,38.18,-83.43,53.6,100,90,4.7
167,Yellowknife,CA,2020-01-04 05:14:12,62.45,-114.38,-13.0,75,75,5.82
168,Rexburg,US,2020-01-04 05:14:12,43.82,-111.79,17.6,92,1,2.19
169,Kinsale,IE,2020-01-04 05:14:12,51.71,-8.52,41.0,93,75,8.05
170,Lillooet,CA,2020-01-04 05:14:12,50.69,-121.94,42.8,100,90,16.11
171,Namibe,AO,2020-01-04 05:14:12,-15.19,12.15,72.64,96,100,2.89
172,Maamba,ZM,2020-01-04 05:14:13,-17.36,27.22,77.32,72,84,4.27
173,Sola,TZ,2020-01-04 05:14:13,-3.17,33.8,71.31,69,87,16.13
174,Saint Paul,US,2020-01-04 05:14:13,44.95,-93.1,24.8,73,90,10.29
175,Cacequi,BR,2020-01-04 05:11:01,-29.88,-54.83,63.99,86,2,9.51
176,Tuatapere,NZ,2020-01-04 05:14:14,-46.13,167.69,54.0,67,61,14.0
177,Edd,ER,2020-01-04 05:12:12,13.93,41.69,86.36,39,0,2.46
178,Sibolga,ID,2020-01-04 05:14:15,1.74,98.78,90.39,50,37,2.95
179,Shadrinsk,RU,2020-01-04 05:14:15,56.09,63.63,22.69,87,99,15.52
180,Lata,IN,2020-01-04 05:14:15,30.78,78.62,14.38,81,35,7.16
181,Lasa,CY,2020-01-04 05:13:21,34.92,32.53,46.4,81,20,6.93
182,Mackenzie,CA,2020-01-04 05:12:10,55.34,-123.09,19.4,92,90,3.36
183,Juneau,US,2020-01-04 05:11:26,58.3,-134.42,26.6,68,90,5.23
184,Iqaluit,CA,2020-01-04 05:08:05,63.75,-68.52,8.6,84,90,3.36
185,Saint George,GR,2020-01-04 05:12:38,39.45,22.34,36.0,85,0,1.61
186,Mehamn,NO,2020-01-04 05:11:14,71.03,27.85,29.21,81,90,25.48
187,Norman Wells,CA,2020-01-04 05:11:26,65.28,-126.83,-22.0,74,75,4.7
188,Ullapool,GB,2020-01-04 05:14:17,57.9,-5.16,46.0,93,100,1.99
189,Kondinskoye,RU,2020-01-04 05:14:17,59.65,67.41,22.37,93,100,14.61
190,Cockburn Town,TC,2020-01-04 05:11:19,21.46,-71.14,79.34,76,58,17.94
191,Narsaq,GL,2020-01-04 05:11:53,60.91,-46.05,33.8,29,100,34.45
192,Trofors,NO,2020-01-04 05:14:18,65.54,13.39,35.6,74,100,28.86
193,Worland,US,2020-01-04 05:14:18,44.02,-107.96,26.6,73,1,6.93
194,Kaitangata,NZ,2020-01-04 05:11:37,-46.28,169.85,50.31,72,61,30.27
195,East London,ZA,2020-01-04 05:10:53,-33.02,27.91,73.4,100,90,9.91
196,Waipawa,NZ,2020-01-04 05:12:26,-39.94,176.59,61.21,50,100,5.79
197,Khatanga,RU,2020-01-04 05:11:17,71.98,102.47,-3.05,97,100,5.5
198,Mogok,MM,2020-01-04 05:14:19,22.92,96.51,68.67,77,65,3.69
199,Salina,US,2020-01-04 05:12:42,38.84,-97.61,37.4,47,90,16.11
200,Champerico,MX,2020-01-04 05:13:01,16.38,-93.6,75.2,69,40,5.82
201,Samarai,PG,2020-01-04 05:12:22,-10.62,150.67,83.62,75,95,5.64
202,Gold Coast,AU,2020-01-04 05:14:20,-28.0,153.41,93.0,58,0,19.46
203,Aklavik,CA,2020-01-04 05:14:20,68.22,-135.01,-18.4,68,90,8.05
204,Inhambane,MZ,2020-01-04 05:11:47,-23.87,35.38,78.8,88,20,4.7
205,Hailar,CN,2020-01-04 05:14:21,49.2,119.7,4.23,95,17,8.14
206,Kaseda,JP,2020-01-04 05:14:21,31.42,130.32,55.4,28,20,17.22
207,Dzaoudzi,YT,2020-01-04 05:14:21,-12.79,45.27,84.2,89,20,5.82
208,Roebourne,AU,2020-01-04 05:14:21,-20.77,117.15,98.31,34,0,14.47
209,Mount Gambier,AU,2020-01-04 05:11:54,-37.83,140.78,62.6,59,75,19.46
210,Santa Fe,AR,2020-01-04 05:14:22,-31.62,-60.7,75.0,60,0,1.99
211,Nampula,MZ,2020-01-04 05:14:22,-15.12,39.26,75.2,94,75,2.24
212,Bandarbeyla,SO,2020-01-04 05:11:43,9.49,50.81,78.26,76,90,14.5
213,Yenagoa,NG,2020-01-04 05:14:22,4.92,6.26,68.94,32,85,5.26
214,The Valley,AI,2020-01-04 05:14:23,18.22,-63.06,79.0,78,20,11.41
215,Belchatow,PL,2020-01-04 05:14:23,51.37,19.36,39.99,93,75,16.11
216,Las Vegas,US,2020-01-04 05:10:50,36.17,-115.15,50.0,56,1,0.38
217,Ketchikan,US,2020-01-04 05:14:24,55.34,-131.65,30.2,92,90,17.22
218,Merauke,ID,2020-01-04 05:14:24,-8.49,140.4,88.03,59,100,10.4
219,Port-Cartier,CA,2020-01-04 05:14:24,50.03,-66.88,21.2,85,90,4.7
220,Isangel,VU,2020-01-04 05:12:10,-19.55,169.27,80.6,69,75,9.17
221,Bonfim,GY,2020-01-04 05:14:24,3.36,-59.84,77.68,67,1,12.28
222,Teya,MX,2020-01-04 05:14:24,21.05,-89.07,75.99,94,75,13.87
223,Balkanabat,TM,2020-01-04 05:14:25,39.51,54.36,40.37,58,0,11.7
224,Chapada Dos Guimaraes,BR,2020-01-04 05:14:25,-15.46,-55.75,78.8,78,6,3.36
225,Namatanai,PG,2020-01-04 05:12:46,-3.66,152.44,85.71,69,57,5.61
226,Baley,RU,2020-01-04 05:14:25,51.58,116.65,8.44,91,28,4.56
227,Lima,PE,2020-01-04 05:14:26,-12.06,-77.04,71.6,88,40,13.87
228,Mbekenyera,TZ,2020-01-04 05:14:26,-10.0,38.98,77.07,85,100,5.55
229,Longyearbyen,NO,2020-01-04 05:11:43,78.22,15.63,6.8,55,40,16.11
230,Lethem,GY,2020-01-04 05:14:26,3.38,-59.8,77.68,67,1,12.28
231,Kizukuri,JP,2020-01-04 05:14:26,40.81,140.39,32.0,63,75,13.87
232,Honningsvag,NO,2020-01-04 05:14:27,70.98,25.97,32.88,80,99,35.16
233,Cabo San Lucas,MX,2020-01-04 05:11:45,22.89,-109.91,64.99,77,5,4.7
234,Khudumelapye,BW,2020-01-04 05:14:27,-23.91,24.95,81.77,42,11,12.1
235,Rocha,UY,2020-01-04 05:14:27,-34.48,-54.34,57.49,94,0,3.06
236,Chazuta,PE,2020-01-04 05:14:27,-6.57,-76.13,62.6,100,20,1.16
237,Spring Hill,US,2020-01-04 05:12:41,28.46,-82.54,75.2,94,40,10.29
238,Big Spring,US,2020-01-04 05:14:28,32.25,-101.48,39.2,55,1,5.82
239,Ambilobe,MG,2020-01-04 05:14:28,-13.19,49.05,85.15,70,77,3.22
240,Takab,IR,2020-01-04 05:14:28,36.4,47.11,28.81,83,85,4.65
241,Shubarshi,KZ,2020-01-04 05:14:28,48.59,57.19,16.74,90,70,7.38
242,Chimbote,PE,2020-01-04 05:14:29,-9.08,-78.59,68.54,85,74,3.71
243,Balad,ID,2020-01-04 05:14:29,-6.76,108.42,84.2,67,100,1.12
244,Vaitape,PF,2020-01-04 05:14:29,-16.52,-151.75,81.54,79,36,10.54
245,Mahebourg,MU,2020-01-04 05:11:24,-20.41,57.7,78.01,100,75,5.82
246,Okakarara,NA,2020-01-04 05:14:30,-20.59,17.46,73.62,65,100,3.51
247,Brokopondo,SR,2020-01-04 05:14:30,5.06,-54.98,73.4,94,70,1.12
248,Pangoa,PE,2020-01-04 05:14:30,-12.12,-73.0,69.39,98,100,2.19
249,Avera,US,2020-01-04 05:12:53,33.19,-82.53,64.4,93,90,2.86
250,Vestmanna,FO,2020-01-04 05:14:31,62.16,-7.17,35.6,55,77,8.05
251,Talnakh,RU,2020-01-04 05:13:05,69.49,88.39,-2.2,77,100,20.13
252,Nuuk,GL,2020-01-04 05:14:31,64.17,-51.74,21.2,85,98,13.87
253,Melfi,IT,2020-01-04 05:14:31,41.0,15.66,35.6,80,5,6.93
254,Ertil,RU,2020-01-04 05:14:31,51.84,40.8,27.12,90,97,15.37
255,Guerande,FR,2020-01-04 05:14:32,48.47,-4.17,41.0,86,40,3.36
256,Ponta Do Sol,BR,2020-01-04 05:11:01,-20.63,-46.0,66.72,97,100,1.52
257,Sept-Iles,CA,2020-01-04 05:14:32,50.2,-66.38,21.2,85,90,4.7
258,Lorengau,PG,2020-01-04 05:11:44,-2.02,147.27,85.48,68,97,5.53
259,Banda Aceh,ID,2020-01-04 05:12:12,5.56,95.32,88.56,54,0,9.95
260,Angoche,MZ,2020-01-04 05:14:33,-16.23,39.91,82.8,81,97,4.47
261,Kambove,CD,2020-01-04 05:14:33,-10.88,26.6,63.01,98,100,4.21
262,Ostrovnoy,RU,2020-01-04 05:12:39,68.05,39.51,22.32,86,58,27.56
263,Rantepao,ID,2020-01-04 05:14:33,-2.97,119.9,80.29,76,85,3.2
264,Sweetwater,US,2020-01-04 05:14:34,32.47,-100.41,46.4,39,1,9.17
265,Bambanglipuro,ID,2020-01-04 05:14:34,-7.95,110.28,80.91,79,100,12.59
266,Krasnovishersk,RU,2020-01-04 05:14:34,60.4,57.08,30.96,94,100,11.63
267,Lexington,US,2020-01-04 05:14:34,38.05,-84.5,52.0,93,90,7.99
268,Malindi,KE,2020-01-04 05:14:34,-3.22,40.12,77.0,88,40,6.96
269,Campo Maior,BR,2020-01-04 05:14:35,-4.83,-42.16,74.61,94,100,2.48
270,Luwuk,ID,2020-01-04 05:14:35,-0.95,122.79,86.61,70,100,14.56
271,Cherskiy,RU,2020-01-04 05:11:28,68.75,161.3,0.12,62,10,9.73
272,Olinda,AU,2020-01-04 05:14:35,-37.84,145.39,70.0,64,75,23.04
273,Vieste,IT,2020-01-04 05:14:36,41.88,16.18,46.0,80,5,6.93
274,Husavik,CA,2020-01-04 05:11:15,50.56,-96.99,28.0,93,100,5.21
275,Manokwari,ID,2020-01-04 05:12:49,-0.87,134.08,75.16,93,78,9.26
276,Sassandra,CI,2020-01-04 05:11:59,4.95,-6.09,70.72,43,3,6.4
277,Puerto Baquerizo Moreno,EC,2020-01-04 05:14:37,-0.9,-89.6,74.59,87,43,12.06
278,Saint Peter,US,2020-01-04 05:14:37,44.32,-93.96,24.8,92,90,12.75
279,Dudinka,RU,2020-01-04 05:14:37,69.41,86.18,-2.2,77,100,20.13
280,La Ronge,CA,2020-01-04 05:11:50,55.1,-105.3,14.0,85,90,2.24
281,Porto Torres,IT,2020-01-04 05:14:37,40.84,8.4,55.4,82,100,4.7
282,Antalaha,MG,2020-01-04 05:14:38,-14.9,50.28,80.33,76,77,4.63
283,Kampong Thum,KH,2020-01-04 05:14:38,12.71,104.89,90.84,37,90,11.18
284,Koutiala,ML,2020-01-04 05:14:38,12.39,-5.46,53.19,20,0,8.72
285,Yeppoon,AU,2020-01-04 05:14:38,-23.13,150.74,89.6,27,1,13.87
286,Pangkalanbuun,ID,2020-01-04 05:12:56,-2.68,111.62,91.04,55,88,4.76
287,Ushtobe,KZ,2020-01-04 05:14:39,45.25,77.98,31.15,90,97,0.72
288,Tabuk,PH,2020-01-04 05:14:39,17.41,121.44,77.85,74,69,6.69
289,College,US,2020-01-04 05:08:22,64.86,-147.8,-27.4,74,1,3.91
290,Berlevag,NO,2020-01-04 05:11:18,70.86,29.09,32.58,77,61,29.42
291,Clyde River,CA,2020-01-04 05:11:51,70.47,-68.59,-34.6,73,1,2.24
292,Phek,IN,2020-01-04 05:14:40,25.7,94.46,63.39,51,3,6.06
293,Yar-Sale,RU,2020-01-04 05:14:40,66.83,70.83,5.29,96,93,11.3
294,San Andres,PH,2020-01-04 05:14:40,13.32,122.68,82.56,65,16,13.94
295,Thenzawl,IN,2020-01-04 05:14:40,23.28,92.78,64.4,88,75,3.36
296,Muros,ES,2020-01-04 05:14:40,42.77,-9.06,48.99,100,75,5.82
297,Palatka,RU,2020-01-04 05:14:41,60.1,150.94,12.11,77,78,14.16
298,Maldonado,UY,2020-01-04 05:10:26,-34.91,-54.96,66.88,78,0,13.87
299,Virginia Beach,US,2020-01-04 05:14:41,36.85,-75.98,59.0,100,90,4.27
300,Cidreira,BR,2020-01-04 05:11:13,-30.17,-50.22,72.23,80,12,22.77
301,Arzgir,RU,2020-01-04 05:14:41,45.37,44.21,29.97,77,0,7.54
302,Queimadas,BR,2020-01-04 05:14:42,-7.36,-35.9,73.4,88,40,12.75
303,Macapa,BR,2020-01-04 05:14:42,0.05,-51.07,77.0,100,75,2.24
304,Ixtapa,MX,2020-01-04 05:14:42,20.71,-105.21,64.99,88,5,3.8
305,Touros,BR,2020-01-04 05:14:42,-5.2,-35.46,78.8,78,40,6.93
306,Wilmington Island,US,2020-01-04 05:14:43,32.0,-80.97,73.99,83,75,13.87
307,Fairbanks,US,2020-01-04 05:09:49,64.84,-147.72,-11.99,74,1,4.81
308,Shimoda,JP,2020-01-04 05:13:22,34.7,138.93,55.4,57,75,8.05
309,Wanlaweyn,SO,2020-01-04 05:14:43,2.62,44.89,83.32,49,2,15.48
310,San Jose,HN,2020-01-04 05:14:43,14.25,-87.96,60.91,84,24,1.83
311,Pskov,RU,2020-01-04 05:14:44,57.82,28.33,35.6,84,89,6.71
312,Puerto Del Rosario,ES,2020-01-04 05:14:44,28.5,-13.86,62.6,82,20,12.75
313,Leningradskiy,RU,2020-01-04 05:12:15,69.38,178.42,-5.84,73,92,8.79
314,Goderich,CA,2020-01-04 05:08:22,43.74,-81.71,36.0,76,74,1.01
315,Kodiak,US,2020-01-04 05:11:00,39.95,-94.76,34.0,64,90,18.34
316,Porbandar,IN,2020-01-04 05:14:45,21.64,69.61,69.8,49,26,5.82
317,Nyurba,RU,2020-01-04 05:14:45,63.29,118.35,-9.42,98,100,4.9
318,Srednekolymsk,RU,2020-01-04 05:12:35,67.46,153.71,0.7,69,58,2.1
319,Kulu,CD,2020-01-04 05:14:45,3.47,23.69,76.91,47,100,1.41
320,Dhidhdhoo,MV,2020-01-04 05:14:45,6.88,73.1,82.51,78,27,11.43
321,Lagoa,PT,2020-01-04 05:12:01,37.14,-8.45,50.0,93,0,8.05
322,Fenyi,CN,2020-01-04 05:14:46,27.82,114.69,52.7,79,96,0.67
323,Port Lincoln,AU,2020-01-04 05:12:07,-34.72,135.86,61.45,70,100,14.74
324,Karratha,AU,2020-01-04 05:14:46,-20.74,116.85,84.96,76,0,14.09
325,Whitianga,NZ,2020-01-04 05:14:46,-36.83,175.7,66.0,62,74,14.0
326,Labuhan,ID,2020-01-04 05:14:46,-2.54,115.51,93.31,48,50,2.57
327,Shirokiy,RU,2020-01-04 05:14:47,53.87,39.17,26.78,90,90,15.75
328,Deputatskiy,RU,2020-01-04 05:14:47,69.3,139.9,-16.65,94,0,1.61
329,Foz Do Iguacu,BR,2020-01-04 05:13:02,-25.55,-54.59,73.4,94,40,4.7
330,Omagari,JP,2020-01-04 05:14:47,39.45,140.48,37.4,55,75,13.87
331,Dryden,CA,2020-01-04 05:14:47,49.79,-92.84,15.8,100,90,3.36
332,Laguna,BZ,2020-01-04 05:14:10,16.17,-88.94,73.4,94,1,2.53
333,Yingkou,CN,2020-01-04 05:14:48,40.67,122.24,28.8,68,0,8.61
334,Nemuro,JP,2020-01-04 05:14:48,43.32,145.57,23.0,45,20,9.17
335,Bristol,GB,2020-01-04 05:10:19,51.45,-2.6,45.0,87,75,10.29
336,Cairo,EG,2020-01-04 05:14:00,30.05,31.24,50.0,81,75,14.99
337,Saint-Pierre,FR,2020-01-04 05:11:25,48.95,4.24,39.2,93,20,6.93
338,Estelle,FR,2020-01-04 05:14:50,43.97,3.47,48.99,81,35,11.41
339,Narasannapeta,IN,2020-01-04 05:14:50,18.42,84.04,71.73,81,85,3.91
340,Fomboni,KM,2020-01-04 05:14:50,-12.28,43.74,82.11,79,98,8.48
341,Krasnyy Chikoy,RU,2020-01-04 05:14:51,50.36,108.75,14.79,80,0,1.45
342,Morant Bay,JM,2020-01-04 05:14:51,17.88,-76.41,82.4,58,20,8.05
343,Acapulco,MX,2020-01-04 05:14:51,16.86,-99.88,77.0,83,40,5.82
344,Mantua,IT,2020-01-04 05:14:51,45.16,10.79,43.0,86,5,1.12
345,Svetlaya,RU,2020-01-04 05:11:35,46.54,138.33,19.18,45,0,7.96
346,Atagay,RU,2020-01-04 05:14:52,55.1,99.39,25.03,82,87,3.42
347,Leshukonskoye,RU,2020-01-04 05:14:52,64.9,45.76,29.97,86,100,9.69
348,Altay,CN,2020-01-04 05:14:53,47.83,88.13,15.75,75,1,1.05
349,Storm Lake,US,2020-01-04 05:14:53,42.64,-95.21,28.4,92,90,10.29
350,Pontianak,ID,2020-01-04 05:14:53,-0.02,109.34,87.22,72,51,2.62
351,Jonkoping,SE,2020-01-04 05:14:53,57.78,14.16,35.01,74,17,14.99
352,Skjervoy,NO,2020-01-04 05:14:53,70.03,20.97,31.95,92,99,54.18
353,Pundaguitan,PH,2020-01-04 05:14:54,6.37,126.17,81.41,67,3,1.72
354,Tilichiki,RU,2020-01-04 05:12:57,60.47,166.1,-3.35,74,0,6.67
355,Puerto Escondido,MX,2020-01-04 05:14:54,15.86,-97.07,78.8,88,75,5.82
356,Ossora,RU,2020-01-04 05:12:15,59.24,163.07,23.68,87,100,12.68
357,Bambous Virieux,MU,2020-01-04 05:11:13,-20.34,57.76,78.01,100,75,5.82
358,Zelenets,RU,2020-01-04 05:14:55,53.83,48.02,29.08,89,100,16.33
359,Mongu,ZM,2020-01-04 05:14:55,-15.27,23.14,72.34,80,95,7.05
360,Nelson Bay,AU,2020-01-04 05:14:55,-32.72,152.14,111.2,11,0,9.17
361,Brewster,US,2020-01-04 05:11:08,41.76,-70.08,46.0,100,90,9.82
362,Madras,US,2020-01-04 05:14:56,44.63,-121.13,52.0,39,1,12.75
363,Tevriz,RU,2020-01-04 05:14:56,57.51,72.4,16.0,92,100,11.56
364,Irbeyskoye,RU,2020-01-04 05:14:56,55.64,95.45,25.88,79,78,6.93
365,Moroni,GR,2020-01-04 05:14:57,35.09,24.92,55.4,50,75,21.92
366,San Quintin,PH,2020-01-04 05:14:57,17.54,120.52,83.62,55,0,6.71
367,Bonavista,CA,2020-01-04 05:14:57,48.65,-53.11,23.88,86,31,12.08
368,Saurimo,AO,2020-01-04 05:14:57,-9.66,20.4,66.43,97,100,2.48
369,Schruns,AT,2020-01-04 05:14:38,47.08,9.92,41.0,100,75,4.7
370,Weligama,LK,2020-01-04 05:14:58,5.97,80.42,88.7,55,0,8.12
371,Coquimbo,CL,2020-01-04 05:12:53,-29.95,-71.34,59.0,87,90,8.05
372,Beloha,MG,2020-01-04 05:11:49,-25.17,45.06,83.82,60,57,12.24
373,Offa,CI,2020-01-04 05:14:58,5.92,-4.35,66.15,30,34,2.62
374,Bereda,ES,2020-01-04 05:14:59,43.27,-7.54,48.0,100,90,2.24
375,Ocampo,MX,2020-01-04 05:14:59,27.32,-102.4,38.39,74,0,2.71
376,Aykhal,RU,2020-01-04 05:14:59,65.95,111.51,-18.4,75,100,4.47
377,Korem,ET,2020-01-04 05:14:59,12.51,39.52,59.85,63,43,4.63
378,Sarkand,KZ,2020-01-04 05:14:59,45.41,79.91,24.15,77,97,0.83
379,Pevek,RU,2020-01-04 05:11:33,69.7,170.27,-3.08,65,0,3.65
380,Praia Da Vitoria,PT,2020-01-04 05:11:48,38.73,-27.07,55.4,82,40,13.29
381,Guanaja,CU,2020-01-04 05:15:00,23.08,-82.07,75.2,94,100,4.7
382,Ostersund,SE,2020-01-04 05:15:01,63.18,14.64,32.0,71,57,31.09
383,Eyrarbakki,IS,2020-01-04 05:15:01,63.86,-21.15,28.4,58,90,21.92
384,Puri,ID,2020-01-04 05:15:01,-7.54,112.45,87.21,65,100,11.01
385,Solvychegodsk,RU,2020-01-04 05:15:02,61.33,46.92,33.44,90,100,12.71
386,Bryan,US,2020-01-04 05:13:44,30.67,-96.37,50.0,66,1,4.7
387,Yerbogachen,RU,2020-01-04 05:11:18,61.28,108.01,12.63,94,98,8.01
388,Antsohihy,MG,2020-01-04 05:15:02,-14.88,47.99,81.99,78,100,0.31
389,Dingle,PH,2020-01-04 05:12:08,11.0,122.67,79.75,82,41,14.03
390,Flin Flon,CA,2020-01-04 05:10:52,54.77,-101.88,-6.25,97,38,2.28
391,Kidal,ML,2020-01-04 05:15:03,18.44,1.41,48.38,40,0,14.7
392,Beringovskiy,RU,2020-01-04 05:15:03,63.05,179.32,-8.34,75,0,17.56
393,Zhigansk,RU,2020-01-04 05:15:03,66.77,123.37,-19.66,90,100,15.21
394,Xichang,CN,2020-01-04 05:15:04,27.88,102.25,40.78,95,100,8.01
395,Ati,TD,2020-01-04 05:15:05,13.21,18.34,59.16,33,31,12.88
396,Belgrade,RS,2020-01-04 05:15:05,44.82,20.46,24.8,100,90,4.7
397,Carndonagh,IE,2020-01-04 05:15:05,55.25,-7.27,44.02,88,100,9.55
398,Nouadhibou,MR,2020-01-04 05:15:05,20.93,-17.03,62.6,43,100,16.11
399,Were Ilu,ET,2020-01-04 05:15:06,10.6,39.43,58.87,59,0,7.05
400,Kijang,KR,2020-01-04 05:15:06,35.24,129.21,48.2,31,50,9.17
401,Quatre Cocos,MU,2020-01-04 05:12:12,-20.21,57.76,78.01,100,75,5.82
402,Majene,ID,2020-01-04 05:15:06,-3.54,118.97,89.53,54,73,8.21
403,Ahuimanu,US,2020-01-04 05:12:11,21.44,-157.84,77.0,78,75,14.99
404,Puerto Carreno,CO,2020-01-04 05:15:07,6.19,-67.49,74.98,74,35,3.53
405,Sumenep,ID,2020-01-04 05:15:07,-7.02,113.87,85.96,71,100,22.03
406,Kindu,CD,2020-01-04 05:15:07,-2.95,25.92,71.6,97,100,2.44
407,Mokrin,RS,2020-01-04 05:15:07,45.93,20.41,33.01,99,96,6.22
408,Idil,TR,2020-01-04 05:15:07,37.34,41.89,38.62,82,97,4.05
409,Bogandinskiy,RU,2020-01-04 05:15:08,56.89,65.89,23.0,85,90,15.66
410,Semnan,IR,2020-01-04 05:15:08,35.58,53.39,43.39,49,82,2.46
411,Lavrentiya,RU,2020-01-04 05:12:01,65.58,-170.99,-15.43,93,61,9.6
412,Dzhebariki-Khaya,RU,2020-01-04 05:15:09,62.22,135.8,-31.0,96,1,0.65
413,Marawi,PH,2020-01-04 05:12:53,8.0,124.29,84.0,76,34,5.01
414,Belaya Gora,RU,2020-01-04 05:15:11,68.54,146.19,-24.09,100,40,1.39
415,Kourou,GF,2020-01-04 05:15:12,5.16,-52.64,78.8,83,90,3.36
416,Santo Domingo,DO,2020-01-04 05:15:13,18.48,-69.94,78.01,88,40,4.7
417,Tazovskiy,RU,2020-01-04 05:12:40,67.47,78.7,3.65,94,98,11.36
418,Krasnoturansk,RU,2020-01-04 05:15:14,54.32,91.57,17.6,78,100,4.27
419,Okato,NZ,2020-01-04 05:15:14,-39.19,173.88,57.0,53,100,11.99
420,Matara,BI,2020-01-04 05:15:15,-3.48,29.48,71.6,88,20,4.14
421,Zafra,ES,2020-01-04 05:15:16,38.43,-6.42,39.0,95,2,3.53
422,Galle,GN,2020-01-04 05:12:39,10.08,-12.83,64.69,28,4,3.29
423,Norrtalje,SE,2020-01-04 05:15:17,59.76,18.7,37.0,55,28,20.8
424,Krasnogorskiy,RU,2020-01-04 05:15:18,55.39,83.61,10.22,90,81,10.65
425,Chiang Klang,TH,2020-01-04 05:15:19,19.29,100.86,80.6,57,21,2.24
426,Toora-Khem,RU,2020-01-04 05:15:19,52.47,96.11,6.03,86,1,1.34
427,Kaeo,NZ,2020-01-04 05:15:20,-35.1,173.78,70.0,62,94,1.01
428,Lindas,NO,2020-01-04 05:15:21,60.74,5.16,37.99,65,75,43.62
429,Snezhnogorsk,RU,2020-01-04 05:15:22,69.19,33.23,26.6,86,75,11.18
430,Cochrane,CL,2020-01-04 05:15:23,-47.25,-72.57,33.55,94,39,6.24
431,Lysyanka,UA,2020-01-04 05:15:24,49.25,30.83,29.66,80,25,6.6
432,Lompoc,US,2020-01-04 05:07:09,34.64,-120.46,55.0,65,1,4.7
433,Xinzhou,CN,2020-01-04 05:15:25,38.41,112.73,35.26,36,93,4.38
434,Fare,PF,2020-01-04 05:15:25,-16.7,-151.02,81.81,78,32,11.83
435,Umm Lajj,SA,2020-01-04 05:15:26,25.02,37.27,59.63,47,0,12.48
436,Okhotsk,RU,2020-01-04 05:12:07,59.36,143.24,19.69,88,100,22.32
437,Stepnyak,KZ,2020-01-04 05:15:26,52.83,70.79,21.29,89,79,17.67
438,Williams Lake,CA,2020-01-04 05:15:26,52.13,-122.14,39.2,69,75,27.51
439,Luderitz,NA,2020-01-04 05:12:36,-26.65,15.16,60.8,82,0,9.17
440,Itupeva,BR,2020-01-04 05:15:27,-23.15,-47.06,70.0,77,98,4.7
441,Sarankhola,BD,2020-01-04 05:15:27,22.31,89.79,75.65,59,37,2.24
442,Digha,IN,2020-01-04 05:15:27,21.62,87.51,68.36,73,52,5.91
443,Payo,ID,2020-01-04 05:15:27,-3.75,103.64,78.91,79,72,4.5
444,Santa Catalina,UY,2020-01-04 05:15:28,-33.79,-57.49,64.99,82,1,1.01
445,Vostok,RU,2020-01-04 05:15:28,46.45,135.83,0.19,88,16,3.49
446,Kikwit,CD,2020-01-04 05:15:28,-5.04,18.82,73.81,85,100,1.3
447,Wagga Wagga,AU,2020-01-04 05:15:28,-35.12,147.37,113.0,6,17,23.04
448,Bukachacha,RU,2020-01-04 05:15:29,52.99,116.91,3.16,89,0,3.87
449,Zaragoza,SV,2020-01-04 05:13:04,13.59,-89.29,75.2,82,66,4.29
450,Mattru,SL,2020-01-04 05:12:27,7.62,-11.83,68.58,84,56,3.51
451,Arandis,NA,2020-01-04 05:15:29,-22.42,14.98,62.01,93,37,1.99
452,Hobyo,SO,2020-01-04 05:15:29,5.35,48.53,80.98,65,75,17.63
453,Sao Felix Do Xingu,BR,2020-01-04 05:15:30,-6.64,-51.99,70.23,99,100,2.55
454,Florence,US,2020-01-04 05:15:30,34.2,-79.77,69.8,88,90,8.05
455,Megion,RU,2020-01-04 05:15:30,61.04,76.11,12.2,85,90,13.42
456,Hovd,NO,2020-01-04 05:15:30,63.83,10.7,37.99,69,75,48.32
457,Hare Bay,CA,2020-01-04 05:15:30,48.86,-53.99,24.8,85,75,13.87
458,Limoux,FR,2020-01-04 05:15:31,43.05,2.22,53.6,93,90,13.87
459,Djougou,BJ,2020-01-04 05:15:31,9.71,1.67,58.32,24,0,6.31
460,Maceio,BR,2020-01-04 05:15:31,-9.67,-35.74,75.2,94,89,4.7
461,Sovetskiy,RU,2020-01-04 05:15:31,56.76,48.47,29.46,92,100,17.45
462,Jiblah,YE,2020-01-04 05:15:31,13.92,44.15,67.87,60,0,3.24
463,Ishigaki,JP,2020-01-04 05:15:32,24.34,124.16,73.4,60,20,9.17
464,Severo-Kurilsk,RU,2020-01-04 05:11:45,50.68,156.12,25.07,80,100,22.97
465,Georgiyevskaya,RU,2020-01-04 05:15:32,44.11,43.49,23.0,100,90,2.24
466,Isiro,CD,2020-01-04 05:15:32,2.77,27.62,67.78,94,100,0.47
467,Batagay-Alyta,RU,2020-01-04 05:11:50,67.8,130.41,-24.9,98,0,4.59
468,Kabare,RW,2020-01-04 05:15:33,-1.65,29.38,66.2,72,75,6.93
469,Wenatchee,US,2020-01-04 05:15:33,47.42,-120.31,41.0,92,90,4.7
470,Keetmanshoop,NA,2020-01-04 05:15:33,-26.57,18.15,75.2,36,5,3.36
471,Saint-Denis,FR,2020-01-04 05:15:33,48.94,2.36,42.01,93,49,5.82
472,Mpanda,BI,2020-01-04 05:15:34,-3.17,29.4,71.6,88,20,1.83
473,Nizwa,OM,2020-01-04 05:15:34,22.93,57.53,65.46,46,0,3.42
474,Nabire,ID,2020-01-04 05:15:34,-3.36,135.5,86.74,62,82,5.93
475,Visby,SE,2020-01-04 05:15:35,57.64,18.3,37.99,74,64,23.04
476,Fortuna,US,2020-01-04 05:06:22,40.6,-124.16,59.0,58,1,28.86
477,Thinadhoo,MV,2020-01-04 05:12:03,0.53,72.93,83.21,63,26,0.63
478,Anito,PH,2020-01-04 05:15:35,12.45,125.29,81.45,78,100,21.61
479,Mandalgovi,MN,2020-01-04 05:12:50,45.76,106.27,19.47,65,0,8.43
480,Maturin,VE,2020-01-04 05:11:28,9.75,-63.18,68.09,98,0,4.12
481,Barra Da Estiva,BR,2020-01-04 05:15:36,-13.63,-41.33,64.4,93,100,4.97
482,Adrar,DZ,2020-01-04 05:15:36,27.87,-0.29,37.4,51,84,11.41
483,Socorro,US,2020-01-04 05:15:36,31.65,-106.3,45.0,38,1,5.82
484,Yarmouth,CA,2020-01-04 05:15:36,43.84,-66.12,42.01,100,90,5.82
485,Khash,IR,2020-01-04 05:15:37,28.22,61.21,54.39,76,64,9.84
486,Jamui,IN,2020-01-04 05:15:37,24.93,86.23,73.96,48,59,3.04
487,Berkak,NO,2020-01-04 05:15:37,62.83,10.01,36.0,69,100,1.99
488,Aberdeen,US,2020-01-04 05:15:37,46.98,-123.82,46.99,100,90,17.22
489,Araouane,ML,2020-01-04 05:12:05,18.9,-3.53,51.82,31,45,10.78
490,Loding,DE,2020-01-04 05:15:38,48.05,12.68,44.01,100,75,6.93
491,Naousa,GR,2020-01-04 05:15:38,40.63,22.07,42.01,34,0,8.05
492,Malino,HR,2020-01-04 05:15:38,45.17,17.73,26.6,100,99,2.24
493,Quibor,VE,2020-01-04 05:15:38,9.93,-69.62,63.57,89,11,4.54
494,Narrabri,AU,2020-01-04 05:15:39,-30.33,149.78,104.0,15,0,11.41
495,San Jeronimito,MX,2020-01-04 05:15:39,17.55,-101.33,78.01,69,36,8.1
496,Klaksvik,FO,2020-01-04 05:12:47,62.23,-6.59,35.6,55,82,8.05
497,Manjacaze,MZ,2020-01-04 05:15:39,-24.71,33.88,83.73,59,50,4.81
498,Macusani,PE,2020-01-04 05:15:39,-14.07,-70.43,36.59,95,100,2.82
499,Atar,MR,2020-01-04 05:13:10,20.52,-13.05,51.53,24,59,8.61
500,Henties Bay,NA,2020-01-04 05:12:31,-22.12,14.28,62.01,93,70,1.99
501,Sechura,PE,2020-01-04 05:15:40,-5.56,-80.82,70.92,87,37,7.96
502,Gizo,IL,2020-01-04 05:15:40,31.8,34.94,51.8,53,75,19.46
503,Talcahuano,CL,2020-01-04 05:15:40,-36.72,-73.12,64.4,82,0,16.11
504,Tiarei,PF,2020-01-04 05:10:48,-17.53,-149.33,82.4,74,75,6.93
505,Houma,CN,2020-01-04 05:15:41,35.63,111.36,45.41,45,100,2.17
506,Sioux Lookout,CA,2020-01-04 05:12:00,50.1,-91.92,15.8,100,90,3.36
507,Roma,IT,2020-01-04 05:08:21,41.89,12.48,46.4,86,100,3.36
508,Kamenka,MD,2020-01-04 05:15:42,48.03,28.7,19.0,89,0,3.06
509,Jaciara,BR,2020-01-04 05:15:42,-15.95,-54.98,71.38,91,0,2.68
510,Ruteng,ID,2020-01-04 05:15:42,-8.61,120.46,71.49,98,100,6.55
511,Sydney Mines,CA,2020-01-04 05:15:42,46.24,-60.22,36.0,95,90,4.7
512,Sorland,NO,2020-01-04 05:12:03,67.67,12.69,32.09,73,100,41.96
513,Makaha,US,2020-01-04 05:15:43,21.47,-158.22,77.0,88,90,4.7
514,Curaca,BR,2020-01-04 05:15:26,-8.99,-39.91,76.23,77,100,6.22
515,Caravelas,BR,2020-01-04 05:12:43,-17.73,-39.27,73.29,95,100,10.51
516,Almenara,BR,2020-01-04 05:15:43,-16.17,-40.69,69.26,98,100,1.23
517,Waddan,LY,2020-01-04 05:15:43,29.16,16.14,43.9,62,0,7.09
518,Nowy Tomysl,PL,2020-01-04 05:15:44,52.32,16.13,39.99,93,75,14.99
519,Cleburne,US,2020-01-04 05:15:44,32.35,-97.39,48.99,57,75,9.17
520,Cam Ranh,VN,2020-01-04 05:15:44,11.92,109.15,84.2,66,40,23.04
521,Caborca,MX,2020-01-04 05:15:44,30.58,-111.1,49.26,49,0,1.14
522,Qaqortoq,GL,2020-01-04 05:11:14,60.72,-46.03,33.8,29,100,34.45
523,Evensk,RU,2020-01-04 05:15:44,61.92,159.24,10.29,64,100,10.58
524,Marabba,SD,2020-01-04 05:15:45,12.35,32.18,64.85,27,16,17.25
525,Juquia,BR,2020-01-04 05:15:45,-24.32,-47.63,69.82,99,98,2.08
526,Pasighat,IN,2020-01-04 05:15:45,28.06,95.33,61.84,87,99,0.92
527,Los Llanos De Aridane,ES,2020-01-04 05:11:18,28.66,-17.92,60.8,59,36,12.75
528,Kurchum,KZ,2020-01-04 05:15:46,48.57,83.65,12.07,86,100,3.85
529,Semey,KZ,2020-01-04 05:15:46,50.41,80.25,23.0,92,40,4.47
530,Segovia,ES,2020-01-04 05:15:46,40.95,-4.12,36.0,92,0,3.42
531,Terrak,NO,2020-01-04 05:15:46,65.09,12.37,37.0,74,100,28.86
532,Ambulu,ID,2020-01-04 05:15:46,-8.35,113.61,82.38,80,73,24.45
533,Tigil,RU,2020-01-04 05:15:47,57.8,158.67,22.64,73,0,12.48
534,Victor Harbor,AU,2020-01-04 05:15:47,-35.55,138.62,75.2,36,75,17.22
535,Sembabule,UG,2020-01-04 05:15:47,-0.08,31.46,70.59,78,100,2.44
536,Omboue,GA,2020-01-04 05:15:47,-1.57,9.26,75.6,95,100,1.45
537,Livingstonia,MW,2020-01-04 05:15:47,-10.61,34.11,67.5,87,100,2.89
538,Acari,BR,2020-01-04 05:15:48,-6.44,-36.64,73.18,78,67,10.89
539,Chhindwara,IN,2020-01-04 05:15:48,22.06,78.94,65.89,65,75,6.78
540,Dunedin,NZ,2020-01-04 05:11:24,-45.87,170.5,57.0,48,40,25.99
541,Kyzyl-Suu,KG,2020-01-04 05:15:48,42.34,78.0,29.71,68,100,6.55
542,Husainabad,IN,2020-01-04 05:15:48,24.53,84.02,69.35,56,34,4.92
543,Lubartow,PL,2020-01-04 05:15:49,51.46,22.61,42.01,100,90,16.11
544,Marzuq,YE,2020-01-04 05:15:49,14.4,46.47,71.55,39,0,2.84
545,Kharp,RU,2020-01-04 05:15:49,66.82,65.8,-0.2,99,100,5.12
546,Celestun,MX,2020-01-04 05:15:50,20.87,-90.4,77.34,86,62,5.01
547,Colombia,CO,2020-01-04 05:15:50,3.38,-74.8,68.88,72,96,3.76
548,Sibu,MY,2020-01-04 05:12:33,2.29,111.83,86.0,74,75,6.93
549,Bajil,ES,2020-01-04 05:15:50,38.23,-2.07,34.32,91,51,0.4
550,Cayambe,EC,2020-01-04 05:15:51,0.04,-78.14,57.2,93,75,1.12
551,Ballina,IE,2020-01-04 05:11:32,54.11,-9.15,46.0,91,99,5.01
552,Poum,MK,2020-01-04 05:11:59,41.28,20.71,21.2,79,0,4.7
553,Bubaque,GW,2020-01-04 05:12:56,11.28,-15.83,77.92,44,88,19.01
554,Lakselv,NO,2020-01-04 05:15:51,70.05,24.96,32.0,85,87,27.51
555,Quimper,FR,2020-01-04 05:12:49,48.0,-4.1,41.0,86,10,3.36
556,Rio Grande,BR,2020-01-04 05:13:00,-32.03,-52.1,70.0,76,1,1.01
557,Sur,OM,2020-01-04 05:12:34,22.57,59.53,75.06,47,0,4.92
