City_ID,City,Country,Date,Lat,Lng,Max Temp,Humidity,Cloudiness,Wind Speed,Current Descrption,Rain inches (last 3 hours),Snow inches (last 3 hours)
0,Hithadhoo,MV,2020-01-04 20:50:47,-0.6,73.08,83.03,68,99,4.38,overcast clouds,0.0,0.0
1,Khatanga,RU,2020-01-04 21:02:45,71.98,102.47,-18.11,85,0,8.79,clear sky,0.0,0.0
2,Malyn,UA,2020-01-04 21:03:00,50.77,29.25,35.6,93,100,6.71,overcast clouds,0.0,0.0
3,Lovington,US,2020-01-04 21:03:00,32.94,-103.35,61.0,22,5,10.29,clear sky,0.0,0.0
4,Talnakh,RU,2020-01-04 21:03:00,69.49,88.39,-2.2,84,100,20.13,overcast clouds,0.0,0.0
5,Barrow,AR,2020-01-04 21:03:01,-38.31,-60.23,77.27,55,75,18.05,broken clouds,0.0,0.0
6,Albany,US,2020-01-04 21:03:01,42.65,-73.75,42.01,86,90,10.29,light intensity drizzle,0.0,0.0
7,Tuatapere,NZ,2020-01-04 20:50:09,-46.13,167.69,54.0,87,100,14.0,light rain,2.38,0.0
8,Mataura,NZ,2020-01-04 20:52:19,-46.19,168.86,54.0,87,98,14.0,overcast clouds,0.0,0.0
9,Ushuaia,AR,2020-01-04 21:01:12,-54.81,-68.31,59.0,38,40,5.82,scattered clouds,0.0,0.0
10,Clyde River,CA,2020-01-04 20:58:45,70.47,-68.59,-25.6,74,75,16.11,mist,0.0,0.0
11,Skibbereen,IE,2020-01-04 21:03:02,51.55,-9.27,46.4,93,75,12.75,broken clouds,0.0,0.0
12,Clarksburg,US,2020-01-04 20:53:18,39.24,-77.28,59.0,87,90,13.87,heavy intensity rain,0.0,0.0
13,Torbay,CA,2020-01-04 20:50:33,47.66,-52.73,34.0,98,90,12.75,light rain,0.0,0.0
14,Busselton,AU,2020-01-04 21:03:03,-33.64,115.35,57.99,42,0,10.63,clear sky,0.0,0.0
15,Punta Arenas,CL,2020-01-04 21:03:03,-53.16,-70.91,57.2,47,40,16.11,scattered clouds,0.0,0.0
16,Kaberamaido,UG,2020-01-04 21:03:03,1.76,33.16,72.18,54,33,2.91,scattered clouds,0.0,0.0
17,Kodiak,US,2020-01-04 20:52:31,39.95,-94.76,46.0,41,1,12.75,clear sky,0.0,0.0
18,Faanui,PF,2020-01-04 20:52:27,-16.48,-151.75,81.45,77,100,12.1,overcast clouds,0.0,0.0
19,Kroonstad,ZA,2020-01-04 20:53:20,-27.65,27.24,64.0,85,96,10.0,overcast clouds,0.0,0.0
20,Severo-Kurilsk,RU,2020-01-04 20:53:20,50.68,156.12,14.34,73,100,3.11,overcast clouds,0.0,0.0
21,Spartanburg,US,2020-01-04 20:49:06,34.95,-81.93,62.6,38,1,13.87,clear sky,0.0,0.0
22,Jhusi,IN,2020-01-04 20:53:20,25.43,81.91,56.68,77,66,5.19,broken clouds,0.0,0.0
23,Port Augusta,AU,2020-01-04 20:53:21,-32.49,137.76,57.0,71,100,1.01,overcast clouds,0.0,0.0
24,Evensk,RU,2020-01-04 20:53:21,61.92,159.24,8.55,50,66,8.12,broken clouds,0.0,0.0
25,Vardo,US,2020-01-04 20:52:48,39.62,-77.74,55.4,62,90,17.22,light rain,0.0,0.0
26,Ostersund,SE,2020-01-04 20:53:21,63.18,14.64,28.99,79,18,18.34,few clouds,0.0,0.0
27,Bredasdorp,ZA,2020-01-04 20:53:22,-34.53,20.04,66.2,68,25,5.82,scattered clouds,0.0,0.0
28,Kapaa,US,2020-01-04 20:53:22,22.08,-159.32,77.0,83,90,20.8,overcast clouds,0.0,0.0
29,Puerto Ayora,EC,2020-01-04 20:53:22,-0.74,-90.35,86.0,58,20,6.93,few clouds,0.0,0.0
30,Kavieng,PG,2020-01-04 20:53:22,-2.57,150.8,83.77,77,100,12.12,moderate rain,4.88,0.0
31,Padang,ID,2020-01-04 20:50:39,-0.92,100.36,68.68,92,100,5.53,overcast clouds,0.0,0.0
32,Liuzhou,CN,2020-01-04 20:53:23,24.32,109.41,57.45,75,84,1.57,broken clouds,0.0,0.0
33,Salalah,OM,2020-01-04 20:53:23,17.01,54.1,77.0,73,40,9.17,scattered clouds,0.0,0.0
34,Vaini,IN,2020-01-04 20:53:23,15.34,74.49,59.25,75,0,1.34,clear sky,0.0,0.0
35,Leca Da Palmeira,PT,2020-01-04 20:53:23,41.19,-8.7,51.01,76,0,6.93,clear sky,0.0,0.0
36,Mirabad,IR,2020-01-04 20:50:35,28.27,61.33,54.34,75,96,19.86,overcast clouds,0.0,0.0
37,Codrington,AU,2020-01-04 20:53:24,-28.95,153.24,73.4,93,0,5.82,clear sky,0.0,0.0
38,Klaksvik,FO,2020-01-04 20:50:23,62.23,-6.59,46.4,93,100,20.8,light rain,0.0,0.0
39,Atuona,PF,2020-01-04 20:50:15,-9.8,-139.03,81.55,68,5,9.24,clear sky,0.0,0.0
40,Saiki,JP,2020-01-04 20:53:24,32.95,131.89,50.0,63,89,20.11,overcast clouds,0.0,0.0
41,Alofi,NU,2020-01-04 20:50:43,-19.06,-169.92,82.4,74,40,9.17,scattered clouds,0.0,0.0
42,Haines Junction,CA,2020-01-04 20:52:26,60.75,-137.51,-8.25,97,100,3.31,overcast clouds,0.0,0.0
43,New Norfolk,AU,2020-01-04 20:53:25,-42.78,147.06,55.99,43,75,6.93,broken clouds,0.0,0.0
44,Bandarbeyla,SO,2020-01-04 20:53:25,9.49,50.81,77.4,80,57,14.81,broken clouds,0.0,0.0
45,Mount Gambier,AU,2020-01-04 20:50:30,-37.83,140.78,55.4,71,100,6.93,overcast clouds,0.0,0.0
46,Hilo,US,2020-01-04 20:53:26,19.71,-155.08,80.6,69,90,4.7,overcast clouds,0.0,0.0
47,Svetlaya,RU,2020-01-04 20:53:26,46.54,138.33,11.73,57,0,11.45,clear sky,0.0,0.0
48,Cape Town,ZA,2020-01-04 20:53:26,-33.93,18.42,68.0,77,29,5.82,scattered clouds,0.0,0.0
49,Yulara,AU,2020-01-04 20:53:26,-25.24,130.99,62.6,100,75,8.05,broken clouds,0.0,0.0
50,San Patricio,PY,2020-01-04 20:52:45,-26.98,-56.83,90.84,31,0,3.33,clear sky,0.0,0.0
51,Rikitea,PF,2020-01-04 20:50:05,-23.12,-134.97,77.2,77,67,16.6,broken clouds,0.0,0.0
52,Esmeralda,CL,2020-01-04 20:53:27,-34.33,-70.9,89.6,25,0,12.75,clear sky,0.0,0.0
53,Marawi,PH,2020-01-04 20:53:27,8.0,124.29,71.01,89,8,5.01,clear sky,0.0,0.0
54,Pevek,RU,2020-01-04 20:52:33,69.7,170.27,-5.69,64,0,2.66,clear sky,0.0,0.0
55,East London,ZA,2020-01-04 20:50:22,-33.02,27.91,76.12,93,48,11.74,scattered clouds,0.0,0.0
56,Leningradskiy,RU,2020-01-04 20:50:57,69.38,178.42,-9.0,62,34,1.07,scattered clouds,0.0,0.0
57,Avarua,CK,2020-01-04 20:50:02,-21.21,-159.78,82.4,83,1,5.82,clear sky,0.0,0.0
58,Hobart,AU,2020-01-04 20:52:17,-42.88,147.33,55.99,43,75,6.93,broken clouds,0.0,0.0
59,Yellowknife,CA,2020-01-04 20:49:58,62.45,-114.38,5.0,84,90,16.11,light snow,0.0,0.0
60,Tuktoyaktuk,CA,2020-01-04 20:53:29,69.44,-133.03,-23.8,67,40,10.29,scattered clouds,0.0,0.0
61,Castro,CL,2020-01-04 20:50:06,-42.48,-73.76,60.8,63,0,9.17,clear sky,0.0,0.0
62,Hermanus,ZA,2020-01-04 20:52:01,-34.42,19.24,64.99,86,5,14.25,clear sky,0.0,0.0
63,Gorontalo,ID,2020-01-04 20:51:00,0.54,123.06,73.81,94,100,4.65,overcast clouds,0.0,0.0
64,Karratha,AU,2020-01-04 20:53:29,-20.74,116.85,83.57,73,100,17.98,light rain,1.0,0.0
65,Astorga,BR,2020-01-04 20:53:30,-23.24,-51.66,86.0,65,40,9.17,scattered clouds,0.0,0.0
66,Mbanza-Ngungu,CD,2020-01-04 20:53:30,-5.25,14.87,70.21,96,100,1.77,overcast clouds,0.0,0.0
67,Meulaboh,ID,2020-01-04 20:53:30,4.14,96.13,81.25,78,19,7.4,light rain,2.31,0.0
68,Kon Tum,VN,2020-01-04 20:53:31,14.36,108.0,55.35,94,98,3.09,overcast clouds,0.0,0.0
69,Chabahar,IR,2020-01-04 20:53:31,25.29,60.65,70.21,78,1,3.38,clear sky,0.0,0.0
70,Coihaique,CL,2020-01-04 20:50:07,-45.58,-72.07,62.6,42,75,9.17,broken clouds,0.0,0.0
71,Nome,US,2020-01-04 20:53:31,30.04,-94.42,69.01,32,1,10.29,clear sky,0.0,0.0
72,Stuttgart,DE,2020-01-04 20:52:04,48.78,9.18,43.0,93,75,8.05,broken clouds,0.0,0.0
73,Butaritari,KI,2020-01-04 20:53:32,3.07,172.79,84.61,78,38,15.12,scattered clouds,0.0,0.0
74,Liwale,TZ,2020-01-04 20:53:32,-9.8,37.92,71.37,95,100,2.26,overcast clouds,0.0,0.0
75,Coruripe,BR,2020-01-04 20:53:32,-10.12,-36.18,79.43,80,65,15.19,broken clouds,0.0,0.0
76,Ilulissat,GL,2020-01-04 20:53:32,69.22,-51.1,10.4,72,75,11.41,broken clouds,0.0,0.0
77,Maceio,BR,2020-01-04 20:53:32,-9.67,-35.74,84.2,62,90,16.11,overcast clouds,0.0,0.0
78,Zalantun,CN,2020-01-04 20:53:33,48.0,122.72,7.83,81,0,4.18,clear sky,0.0,0.0
79,Isangel,VU,2020-01-04 20:50:23,-19.55,169.27,76.89,78,5,14.47,light rain,0.19,0.0
80,Gisborne,NZ,2020-01-04 20:53:33,-38.66,178.02,64.0,58,5,3.0,clear sky,0.0,0.0
81,Rorvik,NO,2020-01-04 20:53:33,64.86,11.24,34.0,77,93,3.0,light snow,0.0,0.44
82,Arraial Do Cabo,BR,2020-01-04 20:53:33,-22.97,-42.02,77.0,94,75,4.7,light rain,0.0,0.0
83,Coquimbo,CL,2020-01-04 20:49:04,-29.95,-71.34,64.4,77,40,12.75,scattered clouds,0.0,0.0
84,Tanabe,JP,2020-01-04 20:50:31,33.73,135.39,44.01,68,0,4.0,clear sky,0.0,0.0
85,Bethel,US,2020-01-04 20:52:46,60.79,-161.76,-13.0,75,1,5.82,clear sky,0.0,0.0
86,Negombo,LK,2020-01-04 20:53:34,7.21,79.83,77.0,100,40,3.36,scattered clouds,0.0,0.0
87,Nikolskoye,RU,2020-01-04 20:49:50,59.7,30.79,33.8,80,90,17.9,shower sleet,0.0,0.0
88,Sawakin,SD,2020-01-04 20:53:35,19.1,37.33,72.79,77,100,19.75,light rain,0.31,0.0
89,Cam Ranh,VN,2020-01-04 20:53:35,11.92,109.15,77.0,69,40,8.05,scattered clouds,0.0,0.0
90,Santa Rosalia,IT,2020-01-04 20:49:41,38.07,13.27,57.99,76,75,4.7,broken clouds,0.0,0.0
91,Kaitangata,NZ,2020-01-04 20:53:35,-46.28,169.85,49.23,86,100,7.96,light rain,2.5,0.0
92,Jamestown,AU,2020-01-04 20:53:36,-33.21,138.6,55.47,52,99,15.46,overcast clouds,0.0,0.0
93,Riom,FR,2020-01-04 20:53:36,45.89,3.11,36.0,93,10,2.86,clear sky,0.0,0.0
94,Georgetown,GY,2020-01-04 20:53:36,6.8,-58.16,86.0,69,20,9.17,few clouds,0.0,0.0
95,Muriti,TZ,2020-01-04 20:53:36,-1.99,32.93,71.6,78,20,15.3,few clouds,0.0,0.0
96,Norman Wells,CA,2020-01-04 20:53:36,65.28,-126.83,-18.4,68,90,5.82,light snow,0.0,0.0
97,Bluff,AU,2020-01-04 20:50:04,-23.58,149.07,72.23,72,59,8.48,broken clouds,0.0,0.0
98,Tupik,RU,2020-01-04 20:53:37,54.43,119.94,-2.06,89,100,0.63,overcast clouds,0.0,0.0
99,Turukhansk,RU,2020-01-04 20:50:18,65.8,87.96,8.47,93,100,11.18,light snow,0.0,0.25
100,Gold Coast,AU,2020-01-04 20:53:37,-28.0,153.41,75.99,69,3,10.29,clear sky,0.0,0.0
101,Lokomotivnyy,RU,2020-01-04 20:53:37,53.01,60.57,17.6,90,0,14.85,clear sky,0.0,0.0
102,Pokrovsk,RU,2020-01-04 20:53:38,61.48,129.14,-13.18,98,100,3.49,light snow,0.0,0.13
103,Saint George,GR,2020-01-04 20:53:38,39.45,22.34,43.0,54,75,1.43,broken clouds,0.0,0.0
104,Bandar-E Anzali,IR,2020-01-04 20:53:38,37.47,49.46,49.8,85,99,6.4,light rain,0.63,0.0
105,Chokurdakh,RU,2020-01-04 20:53:38,70.62,147.9,-14.71,98,73,0.81,broken clouds,0.0,0.0
106,Lavrentiya,RU,2020-01-04 20:50:19,65.58,-170.99,-11.18,85,78,11.18,broken clouds,0.0,0.0
107,Kostomuksha,RU,2020-01-04 20:53:39,64.59,30.6,23.07,92,100,10.8,light snow,0.0,0.25
108,Ballina,IE,2020-01-04 20:53:39,54.11,-9.15,48.99,93,90,14.99,light intensity drizzle,0.0,0.0
109,Cabo San Lucas,MX,2020-01-04 20:53:39,22.89,-109.91,80.01,56,5,10.29,clear sky,0.0,0.0
110,Linfen,CN,2020-01-04 20:53:39,36.09,111.52,36.73,88,100,13.4,moderate rain,4.13,0.0
111,Magadan,RU,2020-01-04 20:53:40,59.56,150.8,18.61,75,54,20.47,broken clouds,0.0,0.0
112,Port Alfred,ZA,2020-01-04 20:53:40,-33.59,26.89,71.01,98,100,3.0,overcast clouds,0.0,0.0
113,Victoria,BN,2020-01-04 20:53:40,5.28,115.24,80.6,83,75,4.7,broken clouds,0.0,0.0
114,Dayong,CN,2020-01-04 20:53:41,25.02,118.29,60.8,87,57,2.24,broken clouds,0.0,0.0
115,Grand Forks,US,2020-01-04 20:50:13,47.91,-97.06,21.2,92,1,14.99,mist,0.0,0.0
116,Bitung,ID,2020-01-04 20:53:41,1.44,125.19,73.4,100,40,2.24,scattered clouds,0.0,0.0
117,Margate,AU,2020-01-04 20:53:41,-43.03,147.26,55.99,43,75,6.93,broken clouds,0.0,0.0
118,Saskylakh,RU,2020-01-04 20:49:44,71.97,114.09,-21.41,95,62,6.04,broken clouds,0.0,0.0
119,Qaanaaq,GL,2020-01-04 20:50:19,77.48,-69.36,-40.9,61,0,5.1,clear sky,0.0,0.0
120,Eydhafushi,MV,2020-01-04 20:53:42,5.1,73.07,81.77,78,100,7.92,overcast clouds,0.0,0.0
121,Arras,FR,2020-01-04 20:53:42,50.29,2.78,45.0,93,90,8.05,overcast clouds,0.0,0.0
122,Roma,IT,2020-01-04 20:51:50,41.89,12.48,50.0,87,40,2.24,scattered clouds,0.0,0.0
123,Provideniya,RU,2020-01-04 20:50:14,64.42,-173.23,-12.82,78,60,10.63,broken clouds,0.0,0.0
124,Saldanha,PT,2020-01-04 20:53:43,41.42,-6.55,38.01,86,0,4.61,clear sky,0.0,0.0
125,Mar Del Plata,AR,2020-01-04 20:53:43,-46.43,-67.52,64.15,42,17,13.82,few clouds,0.0,0.0
126,Iqaluit,CA,2020-01-04 20:50:17,63.75,-68.52,-18.4,68,40,32.21,scattered clouds,0.0,0.0
127,Grand Gaube,MU,2020-01-04 20:53:43,-20.01,57.66,78.01,94,75,2.24,broken clouds,0.0,0.0
128,Claresholm,CA,2020-01-04 20:53:43,50.02,-113.58,42.01,55,90,29.75,overcast clouds,0.0,0.0
129,Bambous Virieux,MU,2020-01-04 20:53:44,-20.34,57.76,78.01,94,75,2.24,broken clouds,0.0,0.0
130,Mangrol,IN,2020-01-04 20:53:31,25.33,76.51,53.56,67,0,2.95,clear sky,0.0,0.0
131,Bowen,AU,2020-01-04 20:53:44,-20.01,148.25,75.99,83,75,4.7,broken clouds,0.0,0.0
132,Upernavik,GL,2020-01-04 20:49:59,72.79,-56.15,-35.36,97,64,12.21,broken clouds,0.0,0.0
133,Acapulco,MX,2020-01-04 20:51:39,16.86,-99.88,86.0,66,40,4.7,scattered clouds,0.0,0.0
134,Shihezi,CN,2020-01-04 20:53:45,44.3,86.03,8.85,94,100,0.98,overcast clouds,0.0,0.0
135,Polohy,UA,2020-01-04 20:50:08,47.48,36.26,37.67,83,95,8.48,overcast clouds,0.0,0.0
136,Coahuayana,MX,2020-01-04 20:53:46,18.62,-100.35,90.01,25,0,3.42,clear sky,0.0,0.0
137,Broome,GB,2020-01-04 20:53:46,52.47,1.45,45.0,87,74,5.82,broken clouds,0.0,0.0
138,Saint Anthony,US,2020-01-04 20:53:46,43.97,-111.68,37.4,85,90,16.42,overcast clouds,0.0,0.0
139,Fortuna,US,2020-01-04 20:53:46,40.6,-124.16,55.99,81,1,5.82,clear sky,0.0,0.0
140,Paramonga,PE,2020-01-04 20:53:47,-10.68,-77.82,69.85,87,78,8.9,broken clouds,0.0,0.0
141,Belyy Yar,RU,2020-01-04 20:53:47,53.6,91.39,10.4,85,100,2.24,mist,0.0,0.0
142,Mohan,IN,2020-01-04 20:53:47,26.78,80.67,55.4,93,40,5.82,mist,0.0,0.0
143,Narsaq,GL,2020-01-04 20:50:15,60.91,-46.05,26.6,86,75,3.38,broken clouds,0.0,0.0
144,Kozyatyn,UA,2020-01-04 20:53:48,49.71,28.83,31.28,92,100,7.09,overcast clouds,0.0,0.0
145,Taltal,CL,2020-01-04 20:53:48,-25.41,-70.49,64.49,71,0,5.93,clear sky,0.0,0.0
146,Airai,TL,2020-01-04 20:51:10,-8.93,125.41,69.01,80,94,5.53,overcast clouds,0.0,0.0
147,Te Anau,NZ,2020-01-04 20:53:48,-45.41,167.72,47.88,82,100,8.14,moderate rain,5.81,0.0
148,Santa Cruz Del Sur,CU,2020-01-04 20:53:48,20.71,-78.0,79.79,75,0,7.18,clear sky,0.0,0.0
149,Mecca,SA,2020-01-04 20:53:49,21.43,39.83,65.03,51,97,6.17,overcast clouds,0.0,0.0
150,Souillac,FR,2020-01-04 20:53:49,45.6,-0.6,43.0,86,0,5.82,clear sky,0.0,0.0
151,Labuhan,ID,2020-01-04 20:53:49,-2.54,115.51,74.75,89,100,1.97,light rain,0.63,0.0
152,Ponta Do Sol,BR,2020-01-04 20:53:49,-20.63,-46.0,72.32,89,100,2.01,moderate rain,10.63,0.0
153,Bermejo,AR,2020-01-04 20:52:56,-22.73,-64.34,91.99,44,66,1.99,broken clouds,0.0,0.0
154,Kaka,TM,2020-01-04 20:53:50,37.35,59.62,36.66,89,3,6.04,clear sky,0.0,0.0
155,Maltahohe,NA,2020-01-04 20:53:50,-24.83,16.98,74.71,22,0,14.94,clear sky,0.0,0.0
156,Cajamarca,PE,2020-01-04 20:53:50,-7.16,-78.52,68.0,52,75,8.05,broken clouds,0.0,0.0
157,Taoudenni,ML,2020-01-04 20:53:51,22.68,-3.98,58.68,23,0,10.04,clear sky,0.0,0.0
158,Baykit,RU,2020-01-04 20:53:51,61.68,96.39,11.86,91,100,7.23,overcast clouds,0.0,0.0
159,Tocopilla,CL,2020-01-04 20:51:13,-22.09,-70.2,68.58,31,0,12.62,clear sky,0.0,0.0
160,Geraldton,CA,2020-01-04 20:50:32,49.72,-86.95,15.8,78,90,6.93,light snow,0.0,0.0
161,Escarcega,MX,2020-01-04 20:53:52,18.61,-90.75,76.1,60,99,8.23,overcast clouds,0.0,0.0
162,Tomatlan,MX,2020-01-04 20:53:52,19.93,-105.25,86.68,21,49,5.01,scattered clouds,0.0,0.0
163,Hovd,NO,2020-01-04 20:53:52,63.83,10.7,37.0,86,75,18.34,shower rain,0.0,0.0
164,Vila Franca Do Campo,PT,2020-01-04 20:53:45,37.72,-25.43,62.6,88,20,9.17,few clouds,0.0,0.0
165,Longyearbyen,NO,2020-01-04 20:53:48,78.22,15.63,5.0,65,40,6.93,scattered clouds,0.0,0.0
166,Kieta,PG,2020-01-04 20:53:53,-6.22,155.63,82.63,72,7,3.83,clear sky,0.0,0.0
167,Madimba,CM,2020-01-04 20:53:53,4.42,9.93,82.4,83,20,2.55,few clouds,0.0,0.0
168,Sampit,ID,2020-01-04 20:53:53,-2.54,112.95,75.43,97,100,1.16,overcast clouds,0.0,0.0
169,Jiayuguan,CN,2020-01-04 20:53:53,39.77,98.29,22.64,43,100,5.35,overcast clouds,0.0,0.0
170,Neuquen,AR,2020-01-04 20:53:54,-38.95,-68.06,93.2,9,20,9.17,few clouds,0.0,0.0
171,Esperance,AU,2020-01-04 20:52:18,-33.86,121.89,53.6,76,0,12.75,clear sky,0.0,0.0
172,Hofn,IS,2020-01-04 20:53:54,64.25,-15.21,45.07,74,67,37.24,broken clouds,0.0,0.0
173,Martinsburg,US,2020-01-04 20:53:54,39.46,-77.96,54.0,87,90,5.82,light rain,0.0,0.0
174,Bollnas,SE,2020-01-04 20:53:54,61.35,16.39,30.99,56,33,3.0,scattered clouds,0.0,0.0
175,Baiao,BR,2020-01-04 20:53:55,-2.79,-49.67,80.49,84,99,4.09,light rain,1.63,0.0
176,Hit,IQ,2020-01-04 20:53:55,33.64,42.83,51.26,54,0,7.29,clear sky,0.0,0.0
177,Aklavik,CA,2020-01-04 20:53:55,68.22,-135.01,-22.0,74,40,10.29,scattered clouds,0.0,0.0
178,Gunjur,GM,2020-01-04 20:53:55,13.18,-16.76,75.2,47,1,19.62,haze,0.0,0.0
179,Kruisfontein,ZA,2020-01-04 20:53:56,-34.0,24.73,68.18,96,49,3.51,scattered clouds,0.0,0.0
180,Vesyegonsk,RU,2020-01-04 20:53:56,58.67,37.27,31.32,88,92,7.63,light snow,0.0,0.13
181,Buchanan,LR,2020-01-04 20:53:56,5.88,-10.05,73.4,88,20,3.36,mist,0.0,0.0
182,Lasa,CY,2020-01-04 20:53:56,34.92,32.53,59.0,67,75,11.41,broken clouds,0.0,0.0
183,Pemberton,AU,2020-01-04 20:53:56,-34.44,116.03,57.99,71,0,3.0,clear sky,0.0,0.0
184,Port Elizabeth,US,2020-01-04 20:52:17,39.31,-74.98,59.0,87,90,4.7,overcast clouds,0.0,0.0
185,Sao Felix Do Xingu,BR,2020-01-04 20:53:57,-6.64,-51.99,79.79,82,86,2.66,overcast clouds,0.0,0.0
186,Dikson,RU,2020-01-04 20:53:42,73.51,80.55,0.25,82,100,22.15,overcast clouds,0.0,0.0
187,Brae,GB,2020-01-04 20:53:57,60.4,-1.35,44.6,93,100,23.04,light intensity drizzle,0.0,0.0
188,Ixtapa,MX,2020-01-04 20:53:57,20.71,-105.21,78.01,50,75,5.82,broken clouds,0.0,0.0
189,Juneau,US,2020-01-04 20:53:57,58.3,-134.42,30.2,74,90,6.93,light snow,0.0,0.0
190,Khorinsk,RU,2020-01-04 20:53:58,52.16,109.78,-0.44,90,92,0.69,overcast clouds,0.0,0.0
191,Tiksi,RU,2020-01-04 20:49:52,71.64,128.87,-16.85,86,77,7.58,broken clouds,0.0,0.0
192,Ames,US,2020-01-04 20:50:32,42.03,-93.62,32.0,74,40,6.93,light rain,0.0,0.0
193,Fuyu,CN,2020-01-04 20:53:58,47.79,124.46,3.34,83,28,5.44,scattered clouds,0.0,0.0
194,Luderitz,NA,2020-01-04 20:51:15,-26.65,15.16,62.53,87,0,25.5,clear sky,0.0,0.0
195,Chumikan,RU,2020-01-04 20:52:00,54.72,135.31,-7.35,76,18,8.39,few clouds,0.0,0.0
196,Fort Nelson,CA,2020-01-04 20:53:59,58.81,-122.69,-5.8,70,75,8.05,broken clouds,0.0,0.0
197,Tual,ID,2020-01-04 20:51:53,-5.67,132.75,82.65,79,100,18.99,light rain,2.44,0.0
198,Paso De Los Toros,UY,2020-01-04 20:53:59,-32.81,-56.52,81.81,38,0,5.55,clear sky,0.0,0.0
199,Surgut,RU,2020-01-04 20:54:00,61.25,73.4,24.8,100,90,13.42,overcast clouds,0.0,0.0
200,Wewak,PG,2020-01-04 20:54:00,-3.55,143.63,75.49,94,100,7.74,moderate rain,11.13,0.0
201,Havelock,US,2020-01-04 20:54:00,34.88,-76.9,78.8,93,90,11.41,mist,0.0,0.0
202,Santa Maria,BR,2020-01-04 20:54:00,-16.02,-48.01,71.6,88,90,3.36,overcast clouds,0.0,0.0
203,Fairbanks,US,2020-01-04 20:54:01,64.84,-147.72,-18.0,73,89,3.29,overcast clouds,0.0,0.0
204,Severo-Yeniseyskiy,RU,2020-01-04 20:54:01,60.37,93.04,10.8,87,100,14.76,overcast clouds,0.0,0.0
205,Camapua,BR,2020-01-04 20:54:01,-19.53,-54.04,85.12,61,22,5.44,few clouds,0.0,0.0
206,Biak,ID,2020-01-04 20:54:01,-0.91,122.88,81.61,79,100,13.47,moderate rain,4.5,0.0
207,Sandwick,GB,2020-01-04 20:54:01,54.57,-2.89,46.99,100,100,19.46,fog,0.0,0.0
208,Aykhal,RU,2020-01-04 20:50:08,65.95,111.51,-23.8,74,15,4.47,few clouds,0.0,0.0
209,Cape Coast,GH,2020-01-04 20:54:02,5.11,-1.24,82.08,55,78,12.5,broken clouds,0.0,0.0
210,Paamiut,GL,2020-01-04 20:54:02,61.99,-49.67,26.4,72,100,12.12,overcast clouds,0.0,0.0
211,Bilma,NE,2020-01-04 20:54:02,18.69,12.92,49.51,34,0,3.24,clear sky,0.0,0.0
212,Nemuro,JP,2020-01-04 20:54:03,43.32,145.57,23.68,62,21,14.83,few clouds,0.0,0.0
213,Palatka,RU,2020-01-04 20:54:03,60.1,150.94,7.81,77,95,6.67,overcast clouds,0.0,0.0
214,Mahibadhoo,MV,2020-01-04 20:54:03,3.78,72.97,81.75,77,58,8.16,moderate rain,3.69,0.0
215,Inta,RU,2020-01-04 20:54:04,66.04,60.13,26.19,83,43,24.43,scattered clouds,0.0,0.0
216,Itarema,BR,2020-01-04 20:50:08,-2.92,-39.92,80.62,74,62,7.2,broken clouds,0.0,0.0
217,Jaisalmer,IN,2020-01-04 20:54:04,26.91,70.91,60.28,38,7,4.07,clear sky,0.0,0.0
218,Tamandare,BR,2020-01-04 20:54:04,-8.28,-70.75,86.32,65,100,1.83,overcast clouds,0.0,0.0
219,Eureka,US,2020-01-04 20:54:05,40.8,-124.16,55.99,81,1,5.82,clear sky,0.0,0.0
220,Salinopolis,BR,2020-01-04 20:54:05,-0.61,-47.36,82.85,73,100,8.21,overcast clouds,0.0,0.0
221,Omboue,GA,2020-01-04 20:54:05,-1.57,9.26,76.48,93,100,3.11,light rain,2.56,0.0
222,Porbandar,IN,2020-01-04 20:54:05,21.64,69.61,70.77,55,0,13.94,clear sky,0.0,0.0
223,Zhuhai,CN,2020-01-04 20:54:05,40.71,112.04,14.0,66,67,6.71,broken clouds,0.0,0.0
224,Doka,SD,2020-01-04 20:54:06,13.52,35.76,73.9,44,0,11.88,clear sky,0.0,0.0
225,Havre-Saint-Pierre,CA,2020-01-04 20:52:22,50.23,-63.6,19.4,85,1,3.36,clear sky,0.0,0.0
226,Dzhebariki-Khaya,RU,2020-01-04 20:54:06,62.22,135.8,-25.67,95,100,1.32,overcast clouds,0.0,0.0
227,Bay-Khaak,RU,2020-01-04 20:54:07,51.16,94.47,2.41,77,41,5.82,scattered clouds,0.0,0.0
228,Carnarvon,ZA,2020-01-04 20:54:07,-30.97,22.13,72.52,24,0,14.58,clear sky,0.0,0.0
229,Montes Altos,BR,2020-01-04 20:54:07,-5.83,-47.07,80.6,88,40,3.36,scattered clouds,0.0,0.0
230,Saint-Philippe,CA,2020-01-04 20:54:07,45.36,-73.48,33.01,92,90,12.75,light snow,0.0,0.0
231,San Matias,BO,2020-01-04 20:54:07,-16.36,-58.4,95.74,31,51,8.19,broken clouds,0.0,0.0
232,Constitucion,MX,2020-01-04 20:52:44,23.99,-104.67,55.99,25,5,3.36,clear sky,0.0,0.0
233,Kendallville,US,2020-01-04 20:54:08,41.44,-85.27,36.0,86,90,8.05,overcast clouds,0.0,0.0
234,Lorengau,PG,2020-01-04 20:53:25,-2.02,147.27,84.31,72,90,9.06,light rain,3.0,0.0
235,High Level,CA,2020-01-04 20:54:08,58.52,-117.13,1.4,91,20,10.29,few clouds,0.0,0.0
236,Flinders,AU,2020-01-04 20:54:09,-34.58,150.85,71.01,68,0,9.17,clear sky,0.0,0.0
237,Phalaborwa,ZA,2020-01-04 20:54:09,-23.95,31.14,86.0,58,6,6.93,clear sky,0.0,0.0
238,Cherskiy,RU,2020-01-04 20:54:10,68.75,161.3,-2.87,58,31,6.64,scattered clouds,0.0,0.0
239,Marmaris,TR,2020-01-04 20:49:41,36.85,28.27,57.2,61,0,12.75,clear sky,0.0,0.0
240,Jambi,ID,2020-01-04 20:54:10,-1.6,103.62,73.58,97,83,3.33,light rain,0.31,0.0
241,Woodway,US,2020-01-04 20:54:10,47.79,-122.38,48.2,70,75,16.11,light rain,0.0,0.0
242,Bronte,IT,2020-01-04 20:54:10,37.79,14.83,55.0,93,90,4.7,overcast clouds,0.0,0.0
243,Antofagasta,CL,2020-01-04 20:50:15,-23.65,-70.4,72.0,68,20,14.99,few clouds,0.0,0.0
244,Dzerzhinsk,RU,2020-01-04 20:54:11,56.24,43.46,30.2,92,90,11.18,light snow,0.0,0.0
245,Lanigan,CA,2020-01-04 20:52:22,51.85,-105.03,30.38,86,100,11.88,overcast clouds,0.0,0.0
246,Yumen,CN,2020-01-04 20:54:12,40.29,97.04,17.22,63,100,4.25,overcast clouds,0.0,0.0
247,Charters Towers,AU,2020-01-04 20:54:12,-20.07,146.27,72.61,78,0,8.59,clear sky,0.0,0.0
248,Tautira,PF,2020-01-04 20:52:46,-17.73,-149.15,86.0,70,40,11.41,scattered clouds,0.0,0.0
249,Vostok,RU,2020-01-04 20:51:47,46.45,135.83,-7.71,97,100,4.59,light snow,0.0,0.13
250,Sao Filipe,CV,2020-01-04 20:50:43,14.9,-24.5,70.59,77,39,10.83,scattered clouds,0.0,0.0
251,Bathsheba,BB,2020-01-04 20:54:13,13.22,-59.52,84.2,62,40,16.11,shower rain,0.0,0.0
252,Inhambane,MZ,2020-01-04 20:51:26,-23.87,35.38,78.93,80,20,13.56,few clouds,0.0,0.0
253,Emerald,AU,2020-01-04 20:54:14,-23.53,148.16,73.99,73,13,3.36,few clouds,0.0,0.0
254,Zuenoula,CI,2020-01-04 20:54:14,7.43,-6.04,75.72,20,2,1.88,clear sky,0.0,0.0
255,Hualmay,PE,2020-01-04 20:54:14,-11.1,-77.61,77.0,61,100,9.17,overcast clouds,0.0,0.0
256,Verkhoyansk,RU,2020-01-04 20:51:24,67.55,133.39,-30.14,90,0,2.17,clear sky,0.0,0.0
257,San Cristobal,HN,2020-01-04 20:54:14,14.68,-86.92,80.58,50,67,9.37,light rain,0.19,0.0
258,Goksun,TR,2020-01-04 20:54:15,38.02,36.5,41.0,86,75,4.7,light intensity shower rain,0.0,0.0
259,Nushki,PK,2020-01-04 20:54:15,29.55,66.02,56.64,44,99,1.74,overcast clouds,0.0,0.0
260,Thompson,CA,2020-01-04 20:51:58,55.74,-97.86,1.4,77,90,8.05,light snow,0.0,0.0
261,Caravelas,BR,2020-01-04 20:54:15,-17.73,-39.27,78.39,84,100,8.88,overcast clouds,0.0,0.0
262,Micheweni,TZ,2020-01-04 20:54:15,-4.97,39.83,82.76,77,100,10.09,overcast clouds,0.0,0.0
263,Hammerfest,NO,2020-01-04 20:54:16,70.66,23.68,26.6,68,100,27.51,light snow,0.0,0.88
264,Moussoro,TD,2020-01-04 20:50:10,13.64,16.49,65.12,23,0,16.91,clear sky,0.0,0.0
265,Tasiilaq,GL,2020-01-04 20:53:31,65.61,-37.64,26.6,92,100,6.93,light snow,0.0,0.0
266,Ribeira Grande,PT,2020-01-04 20:50:56,38.52,-28.7,64.4,88,40,14.99,scattered clouds,0.0,0.0
267,Grevesmuhlen,DE,2020-01-04 20:54:16,53.87,11.18,39.99,85,0,8.01,clear sky,0.0,0.0
268,Amapa,HN,2020-01-04 20:54:17,15.09,-87.97,91.4,46,40,17.22,scattered clouds,0.0,0.0
269,Puri,ID,2020-01-04 20:54:17,-7.54,112.45,73.58,88,81,5.55,broken clouds,0.0,0.0
270,Lebu,ET,2020-01-04 20:49:45,8.96,38.73,60.8,55,20,9.17,few clouds,0.0,0.0
271,Vilhena,BR,2020-01-04 20:49:31,-12.74,-60.15,77.0,88,75,4.7,broken clouds,0.0,0.0
272,Terra Santa,BR,2020-01-04 20:54:18,-2.1,-56.49,88.12,57,98,3.06,overcast clouds,0.0,0.0
273,Pasighat,IN,2020-01-04 20:54:18,28.06,95.33,54.43,95,14,3.76,light rain,1.94,0.0
274,Zhigansk,RU,2020-01-04 20:53:22,66.77,123.37,-20.09,94,100,10.76,overcast clouds,0.0,0.0
275,Arlit,NE,2020-01-04 20:54:19,18.74,7.39,59.49,24,0,18.97,clear sky,0.0,0.0
276,Lockhart,AU,2020-01-04 20:54:19,-35.22,146.72,71.6,37,71,6.93,broken clouds,0.0,0.0
277,San Francisco,CO,2020-01-04 20:49:40,1.17,-76.88,73.4,69,40,9.17,scattered clouds,0.0,0.0
278,Erdaojiang,CN,2020-01-04 20:54:20,41.78,126.03,10.04,91,0,2.66,clear sky,0.0,0.0
279,Katsuura,JP,2020-01-04 20:50:42,33.93,134.5,46.4,61,75,17.22,broken clouds,0.0,0.0
280,Bafq,IR,2020-01-04 20:54:20,31.6,55.4,55.24,68,100,11.21,overcast clouds,0.0,0.0
281,Carutapera,BR,2020-01-04 20:53:05,-1.2,-46.02,82.63,74,100,9.64,overcast clouds,0.0,0.0
282,Gat,SN,2020-01-04 20:54:20,14.69,-16.54,73.4,43,30,12.75,dust,0.0,0.0
283,Kyabe,TD,2020-01-04 20:54:20,9.45,18.94,73.17,24,0,6.53,clear sky,0.0,0.0
284,Northam,AU,2020-01-04 20:50:45,-31.65,116.67,66.2,37,0,9.17,clear sky,0.0,0.0
285,Cayenne,GF,2020-01-04 20:50:05,4.94,-52.33,82.4,74,75,6.93,broken clouds,0.0,0.0
286,Junin,PE,2020-01-04 20:54:21,-16.45,-71.58,60.8,67,75,12.75,broken clouds,0.0,0.0
287,Zeya,RU,2020-01-04 20:54:22,53.74,127.27,-20.92,98,0,2.84,clear sky,0.0,0.0
288,Husavik,CA,2020-01-04 20:52:18,50.56,-96.99,26.01,93,100,13.0,overcast clouds,0.0,0.06
289,Kulunda,RU,2020-01-04 20:54:22,52.57,78.94,21.02,86,54,13.65,broken clouds,0.0,0.0
290,Baruun-Urt,MN,2020-01-04 20:53:33,46.68,113.28,6.15,75,0,7.7,clear sky,0.0,0.0
291,Dunedin,NZ,2020-01-04 20:49:37,-45.87,170.5,51.01,88,100,5.99,light rain,0.38,0.0
292,Chhatak,BD,2020-01-04 20:54:23,25.03,91.67,61.86,77,26,4.61,scattered clouds,0.0,0.0
293,Destin,US,2020-01-04 20:54:23,30.39,-86.5,64.99,29,1,17.22,clear sky,0.0,0.0
294,Elko,US,2020-01-04 20:54:23,40.83,-115.76,44.01,60,90,4.7,overcast clouds,0.0,0.0
295,Port Lincoln,AU,2020-01-04 20:54:23,-34.72,135.86,58.98,78,100,17.2,light rain,0.63,0.0
296,Saint-Francois,FR,2020-01-04 20:54:23,46.42,3.91,35.6,74,20,3.36,few clouds,0.0,0.0
297,Kibaya,RW,2020-01-04 20:54:24,-2.2,30.56,60.6,93,0,1.28,clear sky,0.0,0.0
298,Palani,IN,2020-01-04 20:54:24,10.45,77.52,70.81,87,78,2.53,broken clouds,0.0,0.0
299,Batagay,RU,2020-01-04 20:54:24,67.65,134.64,-27.63,94,0,1.1,clear sky,0.0,0.0
300,Poum,MK,2020-01-04 20:54:25,41.28,20.71,33.8,74,100,2.24,overcast clouds,0.0,0.0
301,Lumberton,US,2020-01-04 20:54:25,30.27,-94.2,68.0,32,1,10.29,clear sky,0.0,0.0
302,Saint-Augustin,CA,2020-01-04 20:54:25,45.63,-73.98,32.0,96,90,3.36,light rain,0.0,0.0
303,Lagos,NG,2020-01-04 20:51:12,6.46,3.39,75.2,64,100,3.36,haze,0.0,0.0
304,Kununurra,AU,2020-01-04 20:52:10,-15.77,128.74,80.6,88,77,1.59,broken clouds,0.0,0.0
305,Hami,CN,2020-01-04 20:53:26,42.84,93.51,16.09,56,0,1.95,clear sky,0.0,0.0
306,Sorland,NO,2020-01-04 20:54:27,67.67,12.69,33.22,60,95,19.6,light snow,0.0,0.38
307,Chuy,UY,2020-01-04 20:54:27,-33.69,-53.46,74.25,64,13,12.35,few clouds,0.0,0.0
308,Roebourne,AU,2020-01-04 20:54:27,-20.77,117.15,81.91,65,100,13.33,overcast clouds,0.0,0.0
309,Lompoc,US,2020-01-04 20:50:05,34.64,-120.46,63.0,82,1,8.05,clear sky,0.0,0.0
310,Dubrovka,RU,2020-01-04 20:54:29,59.85,30.93,33.8,80,90,17.9,shower sleet,0.0,0.0
311,Kuliyapitiya,LK,2020-01-04 20:54:29,7.47,80.04,77.0,100,40,3.36,scattered clouds,0.0,0.0
312,Grindavik,IS,2020-01-04 20:54:29,63.84,-22.43,39.2,93,75,19.46,broken clouds,0.0,0.0
313,Sinnamary,GF,2020-01-04 20:54:29,5.38,-52.96,79.81,80,100,14.85,light rain,0.63,0.0
314,Severodvinsk,RU,2020-01-04 20:54:30,64.56,39.82,26.6,92,40,4.47,scattered clouds,0.0,0.0
315,Grafenau,DE,2020-01-04 20:54:30,48.86,13.39,39.0,92,100,14.05,light snow,0.0,1.31
316,Petropavlovsk-Kamchatskiy,RU,2020-01-04 20:54:30,53.05,158.65,21.2,73,40,8.95,scattered clouds,0.0,0.0
317,Bria,CF,2020-01-04 20:54:30,6.54,21.99,73.2,35,0,5.14,clear sky,0.0,0.0
318,Alabaster,US,2020-01-04 20:54:30,33.24,-86.82,54.0,40,40,17.22,scattered clouds,0.0,0.0
319,Alyangula,AU,2020-01-04 20:54:31,-13.85,136.42,77.0,94,99,3.36,overcast clouds,0.0,0.0
320,Nouadhibou,MR,2020-01-04 20:54:31,20.93,-17.03,64.4,48,0,5.82,sand,0.0,0.0
321,Yanji,CN,2020-01-04 20:54:31,42.89,129.5,8.35,88,0,2.82,clear sky,0.0,0.0
322,Necochea,AR,2020-01-04 20:52:11,-38.55,-58.74,75.83,56,3,13.33,clear sky,0.0,0.0
323,Mariakani,KE,2020-01-04 20:54:32,-3.87,39.47,73.94,91,72,3.11,broken clouds,0.0,0.0
324,Gwadar,PK,2020-01-04 20:54:32,25.12,62.33,73.8,68,11,8.9,few clouds,0.0,0.0
325,Seminole,US,2020-01-04 20:54:32,32.72,-102.64,64.99,21,1,11.41,clear sky,0.0,0.0
326,Saint-Pierre,FR,2020-01-04 20:54:33,48.95,4.24,44.6,93,90,6.93,overcast clouds,0.0,0.0
327,Vyshkov,RU,2020-01-04 20:54:33,52.48,31.69,33.8,86,86,11.18,overcast clouds,0.0,0.0
328,Sola,TZ,2020-01-04 20:52:42,-3.17,33.8,65.82,81,1,5.57,clear sky,0.0,0.0
329,Andapa,MG,2020-01-04 20:54:33,-14.66,49.65,66.11,97,100,1.21,light rain,0.63,0.0
330,Paita,PE,2020-01-04 20:54:34,-5.09,-81.11,62.6,100,90,16.11,overcast clouds,0.0,0.0
331,Sherbrooke,CA,2020-01-04 20:51:41,45.4,-71.89,35.01,97,90,4.7,light snow,0.0,0.0
332,Beringovskiy,RU,2020-01-04 20:50:32,63.05,179.32,-8.45,75,0,17.96,clear sky,0.0,0.0
333,Sakaiminato,JP,2020-01-04 20:54:34,35.55,133.23,44.6,52,75,8.05,broken clouds,0.0,0.0
334,Abu Samrah,SY,2020-01-04 20:54:34,35.3,37.18,47.08,84,87,9.31,light rain,0.13,0.0
335,Vila Velha,BR,2020-01-04 20:54:35,-3.71,-38.6,86.0,69,20,10.29,few clouds,0.0,0.0
336,Arkhangelsk,RU,2020-01-04 20:50:21,64.54,40.54,26.6,92,40,4.47,scattered clouds,0.0,0.0
337,Zaria,NG,2020-01-04 20:54:35,11.11,7.72,64.22,24,45,12.1,scattered clouds,0.0,0.0
338,Palauig,PH,2020-01-04 20:54:35,15.44,119.9,71.44,76,61,6.24,broken clouds,0.0,0.0
339,Kahului,US,2020-01-04 20:51:06,20.89,-156.47,75.2,83,75,12.75,moderate rain,0.0,0.0
340,West Bay,CA,2020-01-04 20:54:36,49.34,-123.21,46.99,81,75,13.87,broken clouds,0.0,0.0
341,Inverness,GB,2020-01-04 20:54:36,57.48,-4.23,48.99,87,20,12.75,few clouds,0.0,0.0
342,Vrangel,RU,2020-01-04 20:54:36,42.73,133.08,24.01,66,0,21.27,clear sky,0.0,0.0
343,Mahebourg,MU,2020-01-04 20:49:43,-20.41,57.7,78.01,94,75,2.24,broken clouds,0.0,0.0
344,Jacutinga,BR,2020-01-04 20:54:37,-22.29,-46.61,75.2,83,40,4.03,scattered clouds,0.0,0.0
345,Ancud,CL,2020-01-04 20:50:07,-41.87,-73.83,60.8,63,0,9.17,clear sky,0.0,0.0
346,Lokoja,NG,2020-01-04 20:54:37,7.8,6.74,77.11,23,99,1.07,overcast clouds,0.0,0.0
347,Mpongwe,ZM,2020-01-04 20:54:37,-13.51,28.16,63.68,97,100,3.67,overcast clouds,0.0,0.0
348,Russell,US,2020-01-04 20:54:38,38.9,-98.86,53.01,49,1,20.8,clear sky,0.0,0.0
349,Senneterre,CA,2020-01-04 20:54:38,48.39,-77.24,17.6,85,90,6.93,light snow,0.0,0.0
350,Louisville,US,2020-01-04 20:51:08,38.25,-85.76,42.01,60,90,11.41,overcast clouds,0.0,0.0
351,Dauphin,CA,2020-01-04 20:54:38,51.15,-100.04,24.8,92,75,11.41,broken clouds,0.0,0.0
352,Cidreira,BR,2020-01-04 20:54:39,-30.17,-50.22,73.17,80,23,17.76,light rain,0.31,0.0
353,Tynda,RU,2020-01-04 20:54:40,55.15,124.74,-14.01,94,33,2.15,scattered clouds,0.0,0.0
354,Pahrump,US,2020-01-04 20:54:40,36.21,-115.98,66.99,45,1,3.36,clear sky,0.0,0.0
355,Mezen,RU,2020-01-04 20:54:40,65.85,44.24,26.67,89,99,14.09,light snow,0.0,0.31
356,Sitka,US,2020-01-04 20:49:45,37.17,-99.65,55.0,42,0,5.01,clear sky,0.0,0.0
357,Nadadores,MX,2020-01-04 20:54:41,27.03,-101.59,68.02,18,0,5.68,clear sky,0.0,0.0
358,Hasaki,JP,2020-01-04 20:54:35,35.73,140.83,32.0,58,20,2.24,fog,0.0,0.0
359,Hailun,CN,2020-01-04 20:54:41,47.46,126.97,-7.37,97,18,6.85,few clouds,0.0,0.0
360,Daru,PG,2020-01-04 20:54:41,-9.07,143.21,76.68,80,100,2.3,overcast clouds,0.0,0.0
361,Flin Flon,CA,2020-01-04 20:54:41,54.77,-101.88,12.2,85,90,12.75,light snow,0.0,0.0
362,Vilyuysk,RU,2020-01-04 20:54:42,63.75,121.63,-21.62,99,95,3.27,overcast clouds,0.0,0.0
363,Vao,EE,2020-01-04 20:54:42,59.1,26.19,31.17,79,1,10.22,clear sky,0.0,0.0
364,Tazovskiy,RU,2020-01-04 20:54:42,67.47,78.7,13.6,93,100,18.34,light snow,0.0,0.63
365,Whitianga,NZ,2020-01-04 20:54:43,-36.83,175.7,69.01,61,100,8.01,overcast clouds,0.0,0.0
366,Bolshaya Rechka,RU,2020-01-04 20:54:43,51.95,104.74,6.8,84,90,2.15,fog,0.0,0.0
367,Rawson,AR,2020-01-04 20:51:10,-43.3,-65.11,59.2,76,0,16.04,clear sky,0.0,0.0
368,Chingirlau,KZ,2020-01-04 20:54:43,51.09,54.08,26.67,93,100,13.47,overcast clouds,0.0,0.0
369,Bintulu,MY,2020-01-04 20:54:44,3.17,113.03,77.0,94,75,1.25,light rain,0.0,0.0
370,Roura,GF,2020-01-04 20:54:44,4.73,-52.33,82.4,74,75,6.93,broken clouds,0.0,0.0
371,Yinchuan,CN,2020-01-04 20:54:44,38.48,106.21,27.05,85,100,4.5,overcast clouds,0.0,0.0
372,Avera,US,2020-01-04 20:54:44,33.19,-82.53,62.6,67,90,16.11,overcast clouds,0.0,0.0
373,Portland,US,2020-01-04 20:51:10,43.66,-70.25,39.99,86,90,4.7,light rain,0.0,0.0
374,Payson,US,2020-01-04 20:54:45,40.04,-111.73,46.0,56,1,6.93,clear sky,0.0,0.0
375,Gwanda,ZW,2020-01-04 20:54:45,-20.94,29.0,76.69,30,0,8.84,clear sky,0.0,0.0
376,Luanda,AO,2020-01-04 20:54:45,-8.83,13.24,75.2,94,75,3.36,broken clouds,0.0,0.0
377,Leninskoye,RU,2020-01-04 20:54:45,54.82,82.85,26.6,79,90,15.66,overcast clouds,0.0,0.0
378,Sabang,PH,2020-01-04 20:54:46,13.8,121.11,79.0,80,36,8.99,scattered clouds,0.0,0.0
379,Maningrida,AU,2020-01-04 20:54:46,-12.05,134.23,80.26,83,100,2.75,moderate rain,3.5,0.0
380,Beira,ES,2020-01-04 20:54:46,43.2,-8.36,46.0,100,0,4.7,clear sky,0.0,0.0
381,Chunskiy,RU,2020-01-04 20:54:46,56.08,99.63,19.35,96,83,4.76,light snow,0.0,0.19
382,Liverpool,GB,2020-01-04 20:53:52,53.41,-2.98,45.0,87,75,5.82,broken clouds,0.0,0.0
383,Baracoa,CU,2020-01-04 20:54:47,20.35,-74.5,79.47,73,4,8.52,clear sky,0.0,0.0
384,Cururupu,BR,2020-01-04 20:54:47,-1.82,-44.87,76.77,91,100,2.42,light rain,3.0,0.0
385,Lancaster,US,2020-01-04 20:54:48,40.04,-76.31,54.0,100,75,6.93,mist,0.0,0.0
386,Waingapu,ID,2020-01-04 20:52:19,-9.65,120.26,80.24,89,100,30.27,moderate rain,4.81,0.0
387,West Odessa,US,2020-01-04 20:54:48,31.84,-102.48,63.0,20,1,12.75,clear sky,0.0,0.0
388,Banswara,IN,2020-01-04 20:54:48,23.55,74.45,57.13,56,0,9.19,clear sky,0.0,0.0
389,Camarillo,US,2020-01-04 20:53:01,34.22,-119.04,73.0,52,1,6.89,clear sky,0.0,0.0
390,Uturoa,PF,2020-01-04 20:54:49,-16.73,-151.43,81.45,77,100,12.1,overcast clouds,0.0,0.0
391,Sao Joao Da Barra,BR,2020-01-04 20:54:49,-21.64,-41.05,80.6,78,75,13.87,broken clouds,0.0,0.0
392,Seoul,KR,2020-01-04 20:51:45,37.57,126.98,28.4,92,1,1.12,clear sky,0.0,0.0
393,Portage,US,2020-01-04 20:54:49,41.58,-87.18,33.8,75,90,6.93,overcast clouds,0.0,0.0
394,Atambua,ID,2020-01-04 20:54:34,-9.11,124.89,75.85,81,100,0.51,overcast clouds,0.0,0.0
395,Prince George,CA,2020-01-04 20:54:50,53.92,-122.75,35.01,80,1,10.29,clear sky,0.0,0.0
396,Gobabis,NA,2020-01-04 20:50:28,-22.45,18.97,70.36,63,100,11.63,light rain,1.38,0.0
397,Catuday,PH,2020-01-04 20:54:50,16.29,119.81,78.1,77,73,13.49,broken clouds,0.0,0.0
398,Karlshamn,SE,2020-01-04 20:54:50,56.17,14.86,35.6,59,0,12.75,clear sky,0.0,0.0
399,Yantal,RU,2020-01-04 20:54:15,56.85,105.25,14.86,96,100,4.45,light snow,0.0,0.25
400,Vanavara,RU,2020-01-04 20:54:51,60.35,102.28,3.81,94,100,5.5,overcast clouds,0.0,0.0
401,Henties Bay,NA,2020-01-04 20:51:17,-22.12,14.28,62.01,90,100,3.0,overcast clouds,0.0,0.0
402,Callaway,US,2020-01-04 20:54:51,46.98,-95.91,23.0,85,90,8.05,overcast clouds,0.0,0.0
403,Bonfim,GY,2020-01-04 20:54:51,3.36,-59.84,90.23,40,87,10.78,overcast clouds,0.0,0.0
404,Caruray,PH,2020-01-04 20:54:52,10.31,119.01,80.65,77,77,20.76,broken clouds,0.0,0.0
405,Deputatskiy,RU,2020-01-04 20:54:52,69.3,139.9,-8.72,86,100,2.1,overcast clouds,0.0,0.0
406,Itoman,JP,2020-01-04 20:51:18,26.12,127.67,64.4,77,40,6.93,scattered clouds,0.0,0.0
407,Bail Hongal,IN,2020-01-04 20:54:52,15.82,74.87,64.92,75,0,2.91,clear sky,0.0,0.0
408,Sambava,MG,2020-01-04 20:54:53,-14.27,50.17,73.27,98,100,1.79,overcast clouds,0.0,0.0
409,Guerrero Negro,MX,2020-01-04 20:54:36,27.97,-114.04,71.6,23,0,3.0,clear sky,0.0,0.0
410,Tura,RU,2020-01-04 20:54:53,64.27,100.22,1.31,94,100,6.6,light snow,0.0,0.25
411,Adrar,DZ,2020-01-04 20:50:27,27.87,-0.29,50.0,29,85,12.75,overcast clouds,0.0,0.0
412,Camopi,GF,2020-01-04 20:54:55,3.17,-52.33,77.7,84,79,4.36,light rain,2.13,0.0
413,Namibe,AO,2020-01-04 20:54:55,-15.19,12.15,75.63,89,99,10.27,overcast clouds,0.0,0.0
414,Talas,KG,2020-01-04 20:54:56,42.52,72.24,23.41,51,84,5.28,broken clouds,0.0,0.0
415,Sheregesh,RU,2020-01-04 20:54:56,52.93,87.98,18.46,96,98,4.23,light snow,0.0,0.44
416,Ejura,GH,2020-01-04 20:54:56,7.38,-1.37,76.53,20,0,2.8,clear sky,0.0,0.0
417,Yanam,IN,2020-01-04 20:54:57,16.73,82.22,70.9,97,14,3.65,light rain,0.25,0.0
418,Grenfell,AU,2020-01-04 20:54:57,-33.9,148.16,79.02,36,0,9.98,clear sky,0.0,0.0
419,Itaqui,BR,2020-01-04 20:54:57,-29.13,-56.55,90.54,32,0,11.21,clear sky,0.0,0.0
420,Inuvik,CA,2020-01-04 20:54:58,68.36,-133.71,-22.0,74,40,10.29,scattered clouds,0.0,0.0
421,San Bartolome Jocotenango,GT,2020-01-04 20:54:58,15.19,-91.08,62.01,75,67,3.0,light rain,1.0,0.0
422,Hidalgo,US,2020-01-04 20:54:58,26.1,-98.26,73.99,21,40,4.18,scattered clouds,0.0,0.0
423,Chicama,PE,2020-01-04 20:54:58,-7.84,-79.15,73.4,78,20,9.17,few clouds,0.0,0.0
424,Nantucket,US,2020-01-04 20:54:59,41.28,-70.1,46.4,100,90,5.82,light rain,0.0,0.0
425,Vryburg,ZA,2020-01-04 20:54:59,-26.96,24.73,77.67,39,32,12.26,scattered clouds,0.0,0.0
426,Botwood,CA,2020-01-04 20:54:59,49.14,-55.34,26.6,92,75,8.05,broken clouds,0.0,0.0
427,Pochutla,MX,2020-01-04 20:50:06,15.74,-96.47,89.01,79,40,6.93,scattered clouds,0.0,0.0
428,Mackenzie,CA,2020-01-04 20:55:00,55.34,-123.09,28.4,68,40,6.93,scattered clouds,0.0,0.0
429,Lashio,MM,2020-01-04 20:55:00,22.93,97.75,55.26,98,84,1.25,moderate rain,3.13,0.0
430,Hamilton,CA,2020-01-04 20:50:11,43.26,-79.87,37.99,80,90,5.82,light rain,0.0,0.0
431,Tessalit,ML,2020-01-04 20:52:53,20.2,1.01,55.83,26,44,10.63,scattered clouds,0.0,0.0
432,Nata,BW,2020-01-04 20:55:00,-20.21,26.19,77.85,62,100,10.65,overcast clouds,0.0,0.0
433,Pringsewu,ID,2020-01-04 20:55:00,-5.36,104.98,72.46,97,100,3.47,moderate rain,8.31,0.0
434,Union City,US,2020-01-04 20:55:01,36.42,-89.06,43.0,65,90,6.93,overcast clouds,0.0,0.0
435,Tanout,NE,2020-01-04 20:55:01,14.97,8.88,56.91,24,0,14.09,clear sky,0.0,0.0
436,Zyryanka,RU,2020-01-04 20:55:01,65.73,150.89,4.3,72,15,17.83,few clouds,0.0,0.0
437,Marienburg,DE,2020-01-04 20:55:02,52.12,9.98,39.99,86,75,9.17,broken clouds,0.0,0.0
438,Ghansor,IN,2020-01-04 20:55:02,22.66,79.95,54.05,72,0,8.01,clear sky,0.0,0.0
439,Shangrao,CN,2020-01-04 20:55:02,28.45,117.97,50.34,90,78,7.72,broken clouds,0.0,0.0
440,Bronnoysund,NO,2020-01-04 20:55:03,65.46,12.2,34.0,60,75,9.17,light shower snow,0.0,0.0
441,Pangnirtung,CA,2020-01-04 20:55:03,66.15,-65.72,1.4,77,75,12.75,light snow,0.0,0.0
442,Lagunas,PE,2020-01-04 20:55:03,-5.23,-75.68,90.95,49,39,4.97,scattered clouds,0.0,0.0
443,Concordia,AR,2020-01-04 20:55:03,-31.4,-58.02,84.2,51,40,8.05,scattered clouds,0.0,0.0
444,Samarai,PG,2020-01-04 20:55:04,-10.62,150.67,79.09,81,26,1.25,scattered clouds,0.0,0.0
445,Chapais,CA,2020-01-04 20:55:04,49.78,-74.86,10.4,78,90,4.7,light snow,0.0,0.0
446,Leua,AO,2020-01-04 20:55:04,-11.65,20.45,62.35,95,95,4.72,overcast clouds,0.0,0.0
447,Sibolga,ID,2020-01-04 20:55:04,1.74,98.78,71.46,96,86,3.33,light rain,0.94,0.0
448,Lazaro Cardenas,MX,2020-01-04 20:55:04,28.39,-105.62,64.99,35,5,5.82,clear sky,0.0,0.0
449,Gorin,BF,2020-01-04 20:55:04,12.34,-0.67,64.4,20,7,9.86,clear sky,0.0,0.0
450,Yerbogachen,RU,2020-01-04 20:55:05,61.28,108.01,-2.88,94,82,6.31,broken clouds,0.0,0.0
451,Bilibino,RU,2020-01-04 20:50:50,68.06,166.44,-4.83,48,0,1.52,clear sky,0.0,0.0
452,Adelaide,AU,2020-01-04 20:51:54,-34.93,138.6,57.2,82,75,6.93,light rain,0.0,0.0
453,Bonthe,SL,2020-01-04 20:55:05,7.53,-12.5,77.74,57,32,6.89,scattered clouds,0.0,0.0
454,Jalapa,GT,2020-01-04 20:55:06,14.63,-89.98,73.4,56,40,20.8,scattered clouds,0.0,0.0
455,Piacabucu,BR,2020-01-04 20:52:30,-10.41,-36.43,79.34,79,100,12.62,overcast clouds,0.0,0.0
456,Partizanskoye,RU,2020-01-04 20:55:06,53.35,78.35,23.43,91,100,15.35,overcast clouds,0.0,0.0
457,Ukwa,NG,2020-01-04 20:55:06,5.47,8.01,75.63,42,83,2.01,broken clouds,0.0,0.0
458,Okhotsk,RU,2020-01-04 20:54:39,59.36,143.24,16.5,90,100,7.09,light snow,0.0,0.38
459,Hervey Bay,AU,2020-01-04 20:55:06,-25.3,152.85,75.99,82,7,8.05,clear sky,0.0,0.0
460,Vestmannaeyjar,IS,2020-01-04 20:55:07,63.44,-20.27,43.84,76,91,27.92,light rain,0.5,0.0
461,Prachuap Khiri Khan,TH,2020-01-04 20:55:07,11.81,99.79,76.42,77,25,5.17,scattered clouds,0.0,0.0
462,Beidao,CN,2020-01-04 20:52:29,34.57,105.89,30.16,93,96,3.83,light snow,0.0,0.19
463,Peniche,PT,2020-01-04 20:55:07,39.36,-9.38,55.0,87,0,1.12,clear sky,0.0,0.0
464,Canberra,AU,2020-01-04 20:55:08,-35.3,149.1,66.0,52,90,9.17,dust,0.0,0.0
465,Mareeba,AU,2020-01-04 20:51:30,-16.99,145.42,78.8,78,75,5.82,broken clouds,0.0,0.0
466,Talara,PE,2020-01-04 20:55:08,-4.58,-81.27,62.6,100,100,16.11,overcast clouds,0.0,0.0
467,Sal Rei,CV,2020-01-04 20:55:08,16.18,-22.92,71.6,64,24,16.11,dust,0.0,0.0
468,Kloulklubed,PW,2020-01-04 20:52:30,7.04,134.26,78.8,83,75,6.93,broken clouds,0.0,0.0
469,Arona,IT,2020-01-04 20:55:09,45.76,8.56,46.99,60,0,6.93,clear sky,0.0,0.0
470,Okha,RU,2020-01-04 20:55:09,53.59,142.95,1.74,94,95,17.54,overcast clouds,0.0,0.0
471,Kirakira,SB,2020-01-04 20:55:09,-10.46,161.92,80.55,84,63,10.96,light rain,0.19,0.0
472,Tamiahua,MX,2020-01-04 20:55:09,21.28,-97.45,67.42,56,0,14.18,clear sky,0.0,0.0
473,San Quintin,PH,2020-01-04 20:55:10,17.54,120.52,68.83,79,65,4.88,broken clouds,0.0,0.0
474,Nyagan,RU,2020-01-04 20:55:10,62.14,65.43,26.19,89,86,10.42,overcast clouds,0.0,0.0
475,Sorong,ID,2020-01-04 20:55:10,-0.86,131.25,72.54,97,100,1.63,light rain,0.13,0.0
476,Pisco,PE,2020-01-04 20:55:10,-13.71,-76.2,75.0,30,89,21.92,overcast clouds,0.0,0.0
477,Nhulunbuy,AU,2020-01-04 20:55:10,-12.18,136.78,80.6,78,100,3.36,overcast clouds,0.0,0.0
478,Razdolinsk,RU,2020-01-04 20:55:11,58.42,94.62,8.26,98,100,7.96,overcast clouds,0.0,0.0
479,Manutuke,NZ,2020-01-04 20:55:11,-38.68,177.91,64.0,58,5,3.0,clear sky,0.0,0.0
480,Umm Lajj,SA,2020-01-04 20:50:20,25.02,37.27,53.22,60,0,8.86,clear sky,0.0,0.0
481,Sao Miguel Do Tapuio,BR,2020-01-04 20:55:11,-5.5,-41.32,74.35,92,100,4.65,moderate rain,6.69,0.0
482,Mantenopolis,BR,2020-01-04 20:55:11,-18.86,-41.12,73.56,92,100,3.94,light rain,1.5,0.0
483,Guane,CU,2020-01-04 20:55:12,22.2,-84.09,82.31,71,13,11.97,light rain,0.19,0.0
484,Fuengirola,ES,2020-01-04 20:55:12,36.54,-4.62,59.0,77,75,11.41,broken clouds,0.0,0.0
485,Cockburn Town,TC,2020-01-04 20:50:56,21.46,-71.14,82.4,69,40,16.11,scattered clouds,0.0,0.0
486,Ola,RU,2020-01-04 20:53:23,59.58,151.3,15.46,78,52,16.46,broken clouds,0.0,0.0
487,Yerofey Pavlovich,RU,2020-01-04 20:55:13,53.97,121.97,-7.89,93,82,2.33,broken clouds,0.0,0.0
488,Biloela,AU,2020-01-04 20:55:13,-24.4,150.51,69.39,72,0,5.23,clear sky,0.0,0.0
489,Sharjah,AE,2020-01-04 20:55:13,25.36,55.39,73.4,49,0,8.05,clear sky,0.0,0.0
490,Altar,MX,2020-01-04 20:55:13,30.72,-111.84,70.0,34,41,1.99,scattered clouds,0.0,0.0
491,Cabedelo,BR,2020-01-04 20:55:14,-6.97,-34.84,82.4,69,20,11.41,few clouds,0.0,0.0
492,Saint-Joseph,FR,2020-01-04 20:55:15,43.56,6.97,52.0,93,0,4.7,clear sky,0.0,0.0
493,Asuncion,PY,2020-01-04 20:55:15,-25.3,-57.63,93.2,46,75,4.7,broken clouds,0.0,0.0
494,Alta Floresta,BR,2020-01-04 20:55:16,-9.87,-56.08,86.0,66,40,3.36,scattered clouds,0.0,0.0
495,Chitipa,MW,2020-01-04 20:55:16,-9.7,33.27,63.3,89,94,2.82,overcast clouds,0.0,0.0
496,Damghan,IR,2020-01-04 20:55:17,36.17,54.34,38.57,88,98,6.67,light rain,0.25,0.0
497,Ciudad Bolivar,VE,2020-01-04 20:55:17,8.12,-63.55,88.7,39,1,9.91,clear sky,0.0,0.0
498,Hobyo,SO,2020-01-04 20:55:18,5.35,48.53,77.72,81,0,14.45,clear sky,0.0,0.0
499,Zabaykalsk,CN,2020-01-04 20:55:18,49.64,117.33,6.55,74,48,3.04,scattered clouds,0.0,0.0
500,Buala,SB,2020-01-04 20:52:56,-8.15,159.59,82.56,79,87,7.29,overcast clouds,0.0,0.0
501,Sandnessjoen,NO,2020-01-04 20:55:19,66.02,12.63,32.0,61,75,9.17,light shower snow,0.0,0.0
502,Kampene,CD,2020-01-04 20:55:21,-3.59,26.67,69.82,97,100,0.09,light rain,0.13,0.0
503,Ostrovnoy,RU,2020-01-04 20:55:21,68.05,39.51,24.31,86,100,25.72,light snow,0.0,0.63
504,Champerico,MX,2020-01-04 20:55:22,16.38,-93.6,73.4,56,75,23.04,broken clouds,0.0,0.0
505,Teshie,GH,2020-01-04 20:55:22,5.58,-0.11,78.8,50,48,4.7,scattered clouds,0.0,0.0
506,Kampot,KH,2020-01-04 20:55:23,10.62,104.18,75.2,83,20,3.36,few clouds,0.0,0.0
507,Myitkyina,MM,2020-01-04 20:55:23,25.38,97.4,56.37,98,86,3.02,light rain,1.19,0.0
508,Maturin,VE,2020-01-04 20:55:24,9.75,-63.18,81.97,61,0,7.05,clear sky,0.0,0.0
509,Wageningen,NL,2020-01-04 20:55:25,51.98,5.66,46.0,100,75,4.7,mist,0.0,0.0
510,Pacific Grove,US,2020-01-04 20:50:29,36.62,-121.92,63.0,67,1,5.82,clear sky,0.0,0.0
511,Grants Pass,US,2020-01-04 20:51:00,42.44,-123.33,48.99,81,75,4.7,broken clouds,0.0,0.0
512,Iracoubo,GF,2020-01-04 20:55:27,5.48,-53.21,79.81,80,100,14.85,light rain,0.63,0.0
513,Srivardhan,IN,2020-01-04 20:55:27,18.03,73.02,67.35,80,0,6.49,clear sky,0.0,0.0
514,College,US,2020-01-04 20:55:28,64.86,-147.8,-29.2,73,71,3.24,broken clouds,0.0,0.0
515,Broken Hill,AU,2020-01-04 20:55:28,-31.97,141.45,66.2,34,41,24.16,scattered clouds,0.0,0.0
516,Kenai,US,2020-01-04 20:55:29,60.55,-151.26,0.0,75,1,3.36,clear sky,0.0,0.0
517,Babaeski,TR,2020-01-04 20:55:29,41.43,27.09,37.58,55,51,2.37,broken clouds,0.0,0.0
518,Gien,FR,2020-01-04 20:55:29,47.69,2.63,45.0,88,99,5.93,overcast clouds,0.0,0.0
519,Hargeysa,SO,2020-01-04 20:52:21,9.56,44.06,63.81,75,13,7.63,few clouds,0.0,0.0
520,Bulgan,MN,2020-01-04 20:55:29,48.81,103.53,3.11,81,100,5.88,overcast clouds,0.0,0.0
521,Bay Roberts,CA,2020-01-04 20:55:30,47.58,-53.28,34.0,97,90,12.75,light shower snow,0.0,0.0
522,Samalkot,IN,2020-01-04 20:55:30,17.05,82.18,69.66,96,1,6.53,clear sky,0.0,0.0
523,Port Blair,IN,2020-01-04 20:55:30,11.67,92.75,81.05,74,98,9.51,overcast clouds,0.0,0.0
524,Outlook,CA,2020-01-04 20:55:30,51.48,-107.04,38.62,75,100,16.24,overcast clouds,0.0,0.0
525,Akdagmadeni,TR,2020-01-04 20:55:31,39.66,35.88,22.05,96,99,1.63,light snow,0.0,0.25
526,Port-Gentil,GA,2020-01-04 20:55:31,-0.72,8.78,78.8,100,40,4.7,thunderstorm,0.0,0.0
527,Ketchikan,US,2020-01-04 20:55:31,55.34,-131.65,33.8,86,90,23.04,light rain,0.0,0.0
528,Esfarayen,IR,2020-01-04 20:55:31,37.08,57.51,33.8,69,73,4.7,light snow,0.0,0.13
529,Quatre Cocos,MU,2020-01-04 20:52:50,-20.21,57.76,78.01,94,75,2.24,broken clouds,0.0,0.0
530,Mondlo,ZA,2020-01-04 20:55:32,-27.96,30.72,68.67,71,99,3.51,overcast clouds,0.0,0.0
